Commissioner / Provider Code,PCN,Practice,Practice Code,Items,Actual Cost,List Size
00L00,BLYTH PCN,MARINE MEDICAL GROUP,A84014,34888,265618.1648,249606
00L00,BLYTH PCN,RAILWAY MEDICAL GROUP,A84009,80972,547616.7379,485730
00L00,CRAMLINGTON SEATON VALLEY PCN,FORUM FAMILY PRACTICE,A84038,20854,152080.8347,163836
00L00,CRAMLINGTON SEATON VALLEY PCN,NETHERFIELD HOUSE,A84037,14943,114977.1829,108342
00L00,CRAMLINGTON SEATON VALLEY PCN,VILLAGE MEDICAL GROUP,A84030,25345,199723.947,205902
00L00,DUMMY,HADRIAN PRIMARY CARE ALLIANCE,Y05873,154,748.7093499,
00L00,DUMMY,NDUC NORTHUMBERLAND OOH,Y00661,1039,5099.752533,
00L00,DUMMY,NORTHUMBERLAND COMMUNITY SERVICE,Y04169,402,12647.59911,
00L00,DUMMY,RIVERSDALE SURGERY,A84035,14027,85722.08287,106740
00L00,DUMMY,THE ADDERLANE SURGERY,A84614,4077,32422.4257,39654
00L00,DUMMY,THE CRAMLINGTON HUB,Y06856,144,1147.241328,
00L00,DUMMY,UNIDENTIFIED DOCTORS,00L998,29,319.1258296,
00L00,NORTHUMBRIA PCN,COQUET MEDICAL GROUP,A84022,31995,211600.9699,219276
00L00,NORTHUMBRIA PCN,CRAMLINGTON MEDICAL GROUP,A84025,14978,98419.81615,97956
00L00,NORTHUMBRIA PCN,ELSDON AVENUE SURGERY,A84619,10419,66111.59311,77778
00L00,NORTHUMBRIA PCN,HAYDON BRIDGE & ALLENDALE MEDICAL PRACT,A84045,14205,79014.99043,94878
00L00,NORTHUMBRIA PCN,NORTHUMBERLAND HEALTH,A84029,11387,71541.14569,83646
00L00,NORTHUMBRIA PCN,PONTELAND MEDICAL GROUP,A84007,27627,175760.5761,193716
00L00,NORTHUMBRIA PCN,THE ROTHBURY PRACTICE,A84002,9979,95463.19934,110502
00L00,NORTHUMBRIA PCN,VALENS MEDICAL PARTNERSHIP,A84036,124976,798538.0567,892170
00L00,WANSBECK PCN,BEDLINGTONSHIRE MED.GROUP,A84005,31645,215053.6844,230436
00L00,WANSBECK PCN,GUIDEPOST MEDICAL GROUP,A84020,21761,149372.192,145188
00L00,WANSBECK PCN,SEATON PARK MEDICAL GROUP,A84028,52636,333899.9767,356562
00L00,WANSBECK PCN,THE GABLES MEDICAL GROUP,A84013,16128,120040.171,113652
00L00,WELL UP NORTH PCN,ALNWICK MEDICAL GROUP,A84006,53190,315620.5649,341010
00L00,WELL UP NORTH PCN,BELFORD MEDICAL PRACTICE,A84008,12379,82568.57318,80946
00L00,WELL UP NORTH PCN,GAS HOUSE LANE SURGERY,A84039,16190,92029.19114,129762
00L00,WELL UP NORTH PCN,GREYSTOKE SURGERY,A84031,19826,148208.7848,195210
00L00,WELL UP NORTH PCN,UNION BRAE & NORHAM PRAC,A84044,17573,112774.2944,128754
00L00,WELL UP NORTH PCN,WELL CLOSE MEDICAL GROUP,A84026,23591,162044.8526,165402
00L00,WELL UP NORTH PCN,WOOLER HEALTH,A84604,13272,80342.081,88272
00L00,WEST NORTHUMBERLAND PCN,BELLINGHAM PRACTICE,A84027,9158,53643.0012,61956
00L00,WEST NORTHUMBERLAND PCN,BRANCH END SURGERY,A84047,11848,81843.54889,97020
00L00,WEST NORTHUMBERLAND PCN,BURN BRAE MEDICAL GROUP,A84024,22739,171400.7645,187776
00L00,WEST NORTHUMBERLAND PCN,CORBRIDGE HEALTH CENTRE,A84018,16885,115383.9945,131292
00L00,WEST NORTHUMBERLAND PCN,HALTWHISTLE MEDICAL GROUP,A84034,14568,104913.869,100152
00L00,WEST NORTHUMBERLAND PCN,HUMSHAUGH & WARK MED GRP,A84040,8382,50260.59376,57681
00L00,WEST NORTHUMBERLAND PCN,PRUDHOE MEDICAL GROUP,A84016,13116,115646.6731,123804
00L00,WEST NORTHUMBERLAND PCN,SCOTS GAP MEDICAL GROUP,A84042,5245,30922.92246,36839
00L00,WEST NORTHUMBERLAND PCN,THE SELE MEDICAL PRACTICE,A84033,13099,84048.41449,105606
00L00,WEST NORTHUMBERLAND PCN,WHITE MEDICAL GROUP,A84011,19651,127988.0125,155700
00N00,DUMMY,HAVEN COURT,Y01956,1252,7996.60231,
00N00,DUMMY,PALLIATIVE CARE CONSULTANTS-STY,Y01673,4,59.47597817,
00N00,DUMMY,SOUTH TYNESIDE & SUNDERLAND NHS FT STY,Y03917,154,2430.915499,
00N00,DUMMY,SOUTH TYNESIDE ENHANCED PRIMARY CARE,Y05445,1228,10992.20697,
00N00,DUMMY,SOUTH TYNESIDE URGENT CARE HUB WIC,Y05260,404,1278.454363,
00N00,DUMMY,UNIDENTIFIED DOCTORS,00N998,14,158.8166683,
00N00,SOUTH TYNESIDE EAST PCN,FARNHAM MEDICAL CTR.,A88002,41123,276216.1874,302508
00N00,SOUTH TYNESIDE EAST PCN,ST GEORGE & RIVERSIDE MEDICAL PRACTICE,A88015,20108,105429.6663,133668
00N00,SOUTH TYNESIDE EAST PCN,TALBOT MEDICAL CENTRE,A88006,21633,140553.2659,140472
00N00,SOUTH TYNESIDE EAST PCN,TRINITY MEDICAL CENTRE,A88008,16192,94230.52762,114876
00N00,SOUTH TYNESIDE EAST PCN,WENLOCK ROAD SURGERY,A88005,12644,67266.00817,79524
00N00,SOUTH TYNESIDE EAST PCN,WEST VIEW SURGERY,A88014,5658,31090.55327,51714
00N00,SOUTH TYNESIDE SOUTH PCN,CENTRAL SURGERY,A88013,47019,308935.0555,345294
00N00,SOUTH TYNESIDE SOUTH PCN,COLLIERY COURT MEDICAL GROUP,A88016,17908,136659.3126,149814
00N00,SOUTH TYNESIDE SOUTH PCN,DR THORNILEY-WALKER & PARTNERS,A88009,12439,79634.97358,108000
00N00,SOUTH TYNESIDE SOUTH PCN,IMEARY MEDICAL GROUP,A88601,10997,71746.86767,79128
00N00,SOUTH TYNESIDE SOUTH PCN,MARSDEN MEDICAL GROUP,A88003,49480,363676.9971,410832
00N00,SOUTH TYNESIDE SOUTH PCN,WHITBURN SURGERY,A88023,13078,78947.03353,96138
00N00,SOUTH TYNESIDE WEST PCN,ALBERT ROAD SURGERY,A88010,12160,72936.45121,62568
00N00,SOUTH TYNESIDE WEST PCN,EAST WING PRACTICE,A88613,12024,77855.19519,76500
00N00,SOUTH TYNESIDE WEST PCN,ELLISON VIEW SURGERY,A88012,15885,99270.56674,108828
00N00,SOUTH TYNESIDE WEST PCN,MAYFIELD MEDICAL GROUP,A88004,19137,148679.4159,162090
00N00,SOUTH TYNESIDE WEST PCN,RAVENSWORTH SURGERY,A88608,16022,95490.24055,107118
00N00,SOUTH TYNESIDE WEST PCN,THE G.P.SUITE,A88025,8896,77483.29499,78390
00N00,SOUTH TYNESIDE WEST PCN,THE GLEN MEDICAL GROUP,A88022,23871,161876.9427,200682
00N00,SOUTH TYNESIDE WEST PCN,VICTORIA MEDICAL CENTRE,A88001,8777,48032.32551,65772
00P00,COALFIELDS PCN,GRANGEWOOD SURGERY,A89028,18991,111151.2978,134136
00P00,COALFIELDS PCN,HERRINGTON MEDICAL CENTRE,A89009,18740,134621.1431,173952
00P00,COALFIELDS PCN,HETTON GROUP PRACTICE,A89004,39780,212006.4183,213264
00P00,COALFIELDS PCN,"HOUGHTON MEDICAL GROUP,",A89023,23326,139429.6415,151794
00P00,COALFIELDS PCN,KEPIER MEDICAL PRACTICE,A89021,23764,152264.7079,153828
00P00,COALFIELDS PCN,WESTBOURNE MEDICAL GROUP,A89030,24088,125036.504,119718
00P00,DUMMY,CARDIOLOGY SERVICE,Y01726,86,1846.205993,
00P00,DUMMY,COMMUNITY STROKE REHABILITATION TEAM,Y06520,2,1.368596057,
00P00,DUMMY,CONSULTANT - ST BENEDICT,A89634,7,64.57660705,
00P00,DUMMY,CONSULTANT DERMATOLOGIST(SUNDERLAND),Y01209,496,10945.02055,
00P00,DUMMY,FARMBOROUGH COURT,Y01717,2123,6725.267673,
00P00,DUMMY,ICAR,Y05468,1,1.916111081,
00P00,DUMMY,NDUC GP OUT OF HOURS SERVICE (OOH),Y05136,158,1019.227644,
00P00,DUMMY,PALLION PRIMARY CARE SERVICES,Y01262,340,470.5037539,238
00P00,DUMMY,RECOVERY AT HOME - LEECHMERE,Y05437,1,0.788282247,
00P00,DUMMY,SOUTH TYNESIDE & SUNDERLAND NHS FT SUN,Y03921,223,2819.055685,
00P00,DUMMY,SUNDERLAND COMMUNITY PAEDIATRICS TEAM,Y03394,21,285.1243759,
00P00,DUMMY,SUNDERLAND EAST PCN HUB,Y08105,5,9.583019273,
00P00,DUMMY,SUNDERLAND ENHANCED ACCESS SERVICE,Y05828,1139,5445.068974,
00P00,DUMMY,SUNDERLAND PODIATRY,Y08358,13,41.66012824,
00P00,DUMMY,SUNDERLAND WEST 2 PCN ENHANCED ACCESS,Y05438,291,4654.509448,
00P00,DUMMY,UNIDENTIFIED DOCTORS,00P998,152,1062.877712,
00P00,DUMMY,WASHINGTON PCN HUB,Y08101,281,1852.192354,
00P00,SUNDERLAND CENTRAL PCN,HAPPY HOUSE SURGERY,A89041,22213,137397.7171,146556
00P00,SUNDERLAND CENTRAL PCN,NEW SILKSWORTH MEDICAL PRACTICE,A89032,22411,132430.3756,165492
00P00,SUNDERLAND CENTRAL PCN,SPRINGWELL MEDICAL GROUP,A89027,15779,110799.2114,114840
00P00,SUNDERLAND CENTRAL PCN,SUNDERLAND GP ALLIANCE SOUTH HYLTON SURG,A89614,12510,77671.86875,81576
00P00,SUNDERLAND CENTRAL PCN,VILLAGE SURGERY PARTNERSHIP,A89011,12912,80983.93344,86868
00P00,SUNDERLAND EAST PCN,ASHBURN MEDICAL CENTRE,A89018,14639,94097.72842,95040
00P00,SUNDERLAND EAST PCN,DEERNESS PARK MEDICAL GROUP,A89001,37477,228845.3462,243648
00P00,SUNDERLAND EAST PCN,PARK LANE PRACTICE,A89034,5771,40926.33779,77454
00P00,SUNDERLAND EAST PCN,RIVERVIEW SURGERY,A89002,22805,106725.1722,125100
00P00,SUNDERLAND EAST PCN,SOUTHLANDS MEDICAL GROUP,A89035,30324,170112.9916,190962
00P00,SUNDERLAND EAST PCN,THE NEW CITY MEDICAL GROUP,A89013,17091,100181.899,101772
00P00,SUNDERLAND EAST PCN,VILLETTE SURGERY,A89005,16004,94419.32526,104706
00P00,SUNDERLAND NORTH PCN,BRIDGE VIEW MEDICAL GROUP,A89019,51031,285557.212,267156
00P00,SUNDERLAND NORTH PCN,CASTLETOWN MEDICAL CENTRE,A89036,6247,32933.99854,38340
00P00,SUNDERLAND NORTH PCN,"FULWELL MEDICAL CENTRE,",A89015,21694,146740.4623,165942
00P00,SUNDERLAND NORTH PCN,MONKWEARMOUTH HEALTH CENTRE,A89040,12795,63901.74949,83268
00P00,SUNDERLAND NORTH PCN,RED HOUSE MEDICAL CENTRE,A89008,16700,91744.44139,99612
00P00,SUNDERLAND NORTH PCN,ST BEDE MEDICAL CENTRE,A89016,21746,136283.2747,167868
00P00,SUNDERLAND WEST 1 PCN,CHESTER SURGERY,A89623,4794,33085.92417,54990
00P00,SUNDERLAND WEST 1 PCN,FORGE MEDICAL PRACTICE,A89020,16300,123353.3606,154620
00P00,SUNDERLAND WEST 1 PCN,HYLTON MEDICAL GROUP,A89031,12205,83013.94487,130014
00P00,SUNDERLAND WEST 1 PCN,MILLFIELD MEDICAL GROUP,A89017,29838,248177.8457,259632
00P00,SUNDERLAND WEST 1 PCN,PALLION FAMILY PRACTICE,A89007,21397,163640.3843,180756
00P00,SUNDERLAND WEST 1 PCN,THE BROADWAY MEDICAL PRACTICE,A89024,19281,124771.3638,140472
00P00,SUNDERLAND WEST 1 PCN,WEARSIDE MEDICAL PRACTICE - PALLION,A89006,17279,112848.6507,143424
00P00,WASHINGTON PCN,CONCORD MEDICAL PRACTICE,A89022,14634,91797.01802,93672
00P00,WASHINGTON PCN,GALLERIES MEDICAL PRACTICE,A89012,32395,211213.0048,208224
00P00,WASHINGTON PCN,I J HEALTHCARE,A89617,10110,54559.2601,64404
00P00,WASHINGTON PCN,NEW WASHINGTON MEDICAL GROUP,A89026,19828,121324.5213,129708
00P00,WASHINGTON PCN,RICKLETON MEDICAL CENTRE,A89616,7282,44513.29738,51012
00P00,WASHINGTON PCN,SUNDERLAND GP ALLIANCE MEDICAL PRACTICE,A89025,22909,155333.5495,181134
00P00,WASHINGTON PCN,THE STEPHENSON MEDICAL PRACTICE,A89010,30988,211680.2143,220428
01H00,CARLISLE HEALTHCARE PCN,CARLISLE HEALTHCARE,A82016,69815,696990.7674,724788
01H00,CARLISLE HEALTHCARE PCN,SPENCER ST SURGERY,A82018,18205,183804.4282,244962
01H00,CARLISLE PCN,CARLISLE CENTRAL PRACTICE,A82015,19368,178019.9717,242784
01H00,CARLISLE PCN,EDEN MEDICAL GROUP,A82020,22970,234360.5859,278496
01H00,CARLISLE PCN,WARWICK SQUARE GROUP PRACTICE,A82654,14395,110788.5971,141498
01H00,CARLISLE RURAL PCN,BRAMPTON MEDICAL PRACTICE,A82012,42573,275303.0115,301266
01H00,CARLISLE RURAL PCN,LONGTOWN MEDICAL CENTRE,A82646,9196,60688.13005,69210
01H00,COCKERMOUTH & MARYPORT PCN,CASTLEGATE AND DERWENT SURGERY,A82021,37088,292005.3641,326754
01H00,COCKERMOUTH & MARYPORT PCN,MARYPORT HEALTH SERVICES,A82032,34399,269062.0748,249390
01H00,COPELAND HAVEN PCN,DISTINGTON SURGERY,A82023,15958,101418.7381,115218
01H00,COPELAND HAVEN PCN,MANSION HOUSE SURGERY,A82075,16563,116742.9907,137142
01H00,COPELAND HAVEN PCN,WESTCROFT HOUSE SURGERY,A82064,15776,115367.631,112122
01H00,COPELAND PCN,FELLVIEW HEALTHCARE,A82044,53150,423043.9679,416052
01H00,COPELAND PCN,LOWTHER MEDICAL CENTRE,A82041,33837,244616.4369,248040
01H00,COPELAND PCN,SEASCALE HEALTH CENTRE,A82024,13352,99962.85675,106902
01H00,DUMMY,COPELAND PCN SERVICES HUB,Y07721,161,929.2373045,
01H00,DUMMY,CUMBRIA HEALTH,Y00433,2601,14224.84566,
01H00,DUMMY,CUMBRIA HEALTH ON CALL EXTENDED ACCESS,Y07699,53,352.8840055,
01H00,DUMMY,CUMBRIA MEDICAL SERVICES LTD,Y04422,1105,24906.31421,
01H00,DUMMY,EDEN VALLEY HOSPICE,Y04873,56,904.4990814,
01H00,DUMMY,UNIDENTIFIED DOCTORS,01H998,6,76.08712905,
01H00,DUMMY,WORKINGTON HEALTH LIMITED,Y04788,2,7.325878985,
01H00,EDEN (CUMBRIA) PCN,ALSTON MEDICAL PRACTICE,A82004,5181,34207.52632,37604
01H00,EDEN (CUMBRIA) PCN,APPLEBY MEDICAL PRACTICE,A82006,9408,67550.14144,92304
01H00,EDEN (CUMBRIA) PCN,BIRBECK MEDICAL GROUP,A82035,20430,211820.8303,261198
01H00,EDEN (CUMBRIA) PCN,COURT THORN SURGERY,A82631,8685,61552.99949,67590
01H00,EDEN (CUMBRIA) PCN,GLENRIDDING HEALTH CENTRE,A82620,1328,10313.76386,17550
01H00,EDEN (CUMBRIA) PCN,KIRKOSWALD SURGERY,A82617,5345,36885.12487,50292
01H00,EDEN (CUMBRIA) PCN,SHAP MEDICAL PRACTICE,A82031,6514,42907.59588,59616
01H00,EDEN (CUMBRIA) PCN,TEMPLE SOWERBY MEDICAL PRACTICE,A82038,7396,54410.38979,83736
01H00,EDEN (CUMBRIA) PCN,THE LAKES MEDICAL PRACTICE,A82036,16631,158057.0761,208746
01H00,EDEN (CUMBRIA) PCN,UPPER EDEN MEDICAL PRACTICE,A82013,13650,92503.98797,117234
01H00,KESWICK & SOLWAY PCN,ASPATRIA MEDICAL GROUP,A82055,16979,125329.1792,129924
01H00,KESWICK & SOLWAY PCN,CALDBECK SURGERY,A82014,9093,58095.08163,76968
01H00,KESWICK & SOLWAY PCN,CASTLEHEAD MEDICAL CENTRE,A82028,14395,103384.1233,150642
01H00,KESWICK & SOLWAY PCN,DALSTON MEDICAL GROUP,A82022,12642,79507.56019,92772
01H00,KESWICK & SOLWAY PCN,SILLOTH GROUP MEDICAL PRACTICE,A82037,11794,79991.63528,79560
01H00,KESWICK & SOLWAY PCN,THE CROFT SURGERY,A82029,7903,55238.82158,60367
01H00,KESWICK & SOLWAY PCN,WIGTON GROUP MEDICAL PRACTICE,A82045,19127,144550.2656,164232
01H00,WORKINGTON PCN,JAMES STREET GROUP PRACT,A82047,74692,583773.684,599040
13T00,BIRTLEY AND CENTRAL GATESHEAD PCN,BIRTLEY MEDICAL GROUP,A85008,40688,273707.2497,275526
13T00,BIRTLEY AND CENTRAL GATESHEAD PCN,OXFORD TCE & RAWLING RD MEDICAL GROUP,A85005,42349,262542.1866,322200
13T00,BIRTLEY AND CENTRAL GATESHEAD PCN,SECOND STREET SURGERY,A85021,5910,35639.79341,81864
13T00,BIRTLEY AND CENTRAL GATESHEAD PCN,THE BRIDGES MEDICAL PRACTICE,A85614,10238,75220.38282,147906
13T00,DUMMY,BIRTLEY AND CENTRAL GATESHEAD PCN HUB,Y08624,24,87.91284844,
13T00,DUMMY,GATDOC OOH,A85621,1455,6069.470259,
13T00,DUMMY,GATESHEAD EXTRA CARE,Y04833,632,3548.130573,
13T00,DUMMY,GATESHEAD HEALTH COMMUNITY SERVICES,Y05507,149,1702.937093,
13T00,DUMMY,GOSFORTH JESMOND HEALTH,Y08083,471,2139.013892,
13T00,DUMMY,MARIE CURIE HOSPICE,Y05648,188,1498.481772,
13T00,DUMMY,NDUC NEWCASTLE GATESHEAD OOH,Y00656,158,1160.848342,
13T00,DUMMY,NEWCASTLE GP IN A&E SERVICE,Y04832,436,1544.675178,
13T00,DUMMY,NEWCASTLE HOSPITALS COMMUNITY HEALTH,Y04331,1761,9230.94683,
13T00,DUMMY,NEWCASTLE INNER WEST ENH ACCESS HUB,Y07975,30,168.474061,
13T00,DUMMY,NEWCASTLE OUTER WEST PCN HUB,Y08283,79,627.9951455,
13T00,DUMMY,ST OSWALDS PALLIATIVE CARE,Y00505,324,2879.103777,
13T00,DUMMY,UNIDENTIFIED DOCTORS,13T998,49,1129.023543,
13T00,DUMMY,WALK-IN CENTRE GP IN-HOURS,Y04106,48,167.915677,
13T00,GATESHEAD CENTRAL SOUTH PCN,BEACON VIEW MEDICAL CENTRE,A85026,12803,72380.08881,103158
13T00,GATESHEAD CENTRAL SOUTH PCN,BENSHAM FAMILY PRACTICE,A85002,8818,54859.21505,68724
13T00,GATESHEAD CENTRAL SOUTH PCN,BEWICK ROAD SURGERY,A85017,13766,101691.1981,150012
13T00,GATESHEAD CENTRAL SOUTH PCN,CENTRAL GATESHEAD MEDICAL GROUP,A85019,19929,148218.3016,190728
13T00,GATESHEAD CENTRAL SOUTH PCN,FELL COTTAGE SURGERY,A85007,15760,116842.2411,156726
13T00,GATESHEAD CENTRAL SOUTH PCN,FELL TOWER MEDICAL CENTRE,A85001,16613,115251.5958,134730
13T00,GATESHEAD CENTRAL SOUTH PCN,MILLENNIUM FAMILY PRACTICE,A85013,9552,56102.05188,68634
13T00,GATESHEAD CENTRAL SOUTH PCN,WREKENTON MEDICAL GROUP,A85016,34824,205471.9797,219438
13T00,GATESHEAD EAST PCN,CROWHALL MEDICAL CENTRE,A85009,16188,123186.4599,116694
13T00,GATESHEAD EAST PCN,LONGRIGG MEDICAL CENTRE,A85004,24120,158075.5628,182592
13T00,GATESHEAD EAST PCN,PELAW MEDICAL PRACTICE,A85611,12518,72135.83472,99612
13T00,GATESHEAD EAST PCN,ST. ALBANS MEDICAL GROUP,A85011,21280,128140.4384,130032
13T00,GATESHEAD INNER WEST PCN,CHAINBRIDGE MEDICAL PARTNERSHIP,A85010,25132,209778.6522,207360
13T00,GATESHEAD INNER WEST PCN,GLENPARK & TEAMS MEDICAL SERVICES,A85006,36220,225945.7338,261594
13T00,GATESHEAD INNER WEST PCN,SUNNISIDE SURGERY,A85617,9737,77306.03237,69516
13T00,GATESHEAD INNER WEST PCN,WHICKHAM COTTAGE MEDICAL CENTRE,A85020,31253,230204.16,281322
13T00,GATESHEAD OUTER WEST PCN,CHOPWELL PRIMARY HEALTHCARE CENTRE,A85024,7362,43167.86237,46188
13T00,GATESHEAD OUTER WEST PCN,CRAWCROOK MEDICAL CENTRE,A85014,47198,305835.4867,365292
13T00,GATESHEAD OUTER WEST PCN,HOLLYHURST MEDICAL CENTRE,A85616,12660,79559.10457,88992
13T00,GATESHEAD OUTER WEST PCN,OLDWELL SURGERY,A85018,11945,81514.13466,85896
13T00,JESMOND - LOWER GOSFORTH PCN,JESMOND HEALTH PARTNERSHIP,A86020,39458,296356.4961,491328
13T00,JESMOND - LOWER GOSFORTH PCN,ROSEWORTH SURGERY,A86006,11092,79064.45541,104922
13T00,JESMOND - LOWER GOSFORTH PCN,THE GROVE MEDICAL GROUP,A86018,21198,160910.8161,238608
13T00,NEWCASTLE CENTRAL HEALTH PCN,SAVILLE MEDICAL GROUP,A86003,51257,335614.4482,759222
13T00,NEWCASTLE EAST PCN,BENFIELD PARK MEDICAL GROUP,A86023,27860,194440.9436,186804
13T00,NEWCASTLE EAST PCN,BIDDLESTONE HEALTH GROUP,A86010,16644,124185.6187,193248
13T00,NEWCASTLE EAST PCN,HEATON ROAD SURGERY,A86024,16979,110977.7287,128484
13T00,NEWCASTLE EAST PCN,NEWCASTLE MEDICAL CENTRE,A86027,4215,40579.02908,383544
13T00,NEWCASTLE EAST PCN,ST.ANTHONY'S HEALTH CENTRE,A86040,20358,113856.6065,118962
13T00,NEWCASTLE EAST PCN,THORNFIELD MEDICAL GROUP,A86029,45471,231388.7628,366102
13T00,NEWCASTLE EAST PCN,WALKER MEDICAL GROUP,A86011,34733,187113.2085,193392
13T00,NEWCASTLE INNER WEST PCN,BETTS AVENUE MEDICAL GROUP,A86030,31404,195152.0849,193644
13T00,NEWCASTLE INNER WEST PCN,DILSTON MEDICAL CENTRE,Y00184,9519,72709.27536,175140
13T00,NEWCASTLE INNER WEST PCN,ELSWICK FAMILY PRACTICE,A86037,18119,104230.7042,150714
13T00,NEWCASTLE INNER WEST PCN,FENHAM HALL SURGERY,A86031,21061,161314.3552,195390
13T00,NEWCASTLE INNER WEST PCN,PROSPECT MEDICAL CENTRE,A86004,24826,170902.2138,263304
13T00,NEWCASTLE OUTER WEST PCN,DENTON PARK MEDICAL GROUP,A86013,21471,130357.6982,134100
13T00,NEWCASTLE OUTER WEST PCN,DENTON TURRET MEDICAL CENTRE,A86601,24697,140366.4112,162954
13T00,NEWCASTLE OUTER WEST PCN,NEWBURN SURGERY,A86038,18964,110034.7349,111672
13T00,NEWCASTLE OUTER WEST PCN,PARKWAY MEDICAL GROUP,A86022,19956,119814.8054,151884
13T00,NEWCASTLE OUTER WEST PCN,THROCKLEY PRIMARY CARE CENTRE,A86026,21740,129410.89,134586
13T00,NEWCASTLE OUTER WEST PCN,WESTERHOPE MEDICAL GROUP,A86025,32650,208919.6042,248814
13T00,NORTH GOSFORTH PCN,BRUNTON PARK,A86033,9906,72514.56371,148608
13T00,NORTH GOSFORTH PCN,PARK MEDICAL GROUP,A86008,23270,170217.9873,239598
13T00,NORTH GOSFORTH PCN,REGENT MEDICAL CENTRE,A86028,13096,95503.98358,136854
13T00,WEST END FAMILY HEALTH PCN,CRUDDAS PARK SURGERY,A86017,32717,204523.2212,209988
13T00,WEST END FAMILY HEALTH PCN,HOLMSIDE MEDICAL GROUP,A86021,29430,198579.0209,181422
13T00,WEST END FAMILY HEALTH PCN,WEST ROAD MEDICAL CENTRE,A86012,20251,131697.5755,224298
16C00,BILLINGHAM & NORTON PCN,DR RASOOL,A81602,6062,46340.55181,39402
16C00,BILLINGHAM & NORTON PCN,KINGSWAY MEDICAL CENTRE,A81057,21033,178324.7256,179514
16C00,BILLINGHAM & NORTON PCN,MARSH HOUSE MEDICAL PRACTICE,A81040,18142,155932.3561,153720
16C00,BILLINGHAM & NORTON PCN,MELROSE SURGERY,A81056,4894,32587.12141,42552
16C00,BILLINGHAM & NORTON PCN,NORTON MEDICAL CENTRE,A81036,39161,270292.4209,293274
16C00,BILLINGHAM & NORTON PCN,QUEENSTREE PRACTICE,A81014,10549,80925.35108,74736
16C00,BILLINGHAM & NORTON PCN,THE ROSEBERRY PRACTICE,A81610,15747,129635.5015,142416
16C00,BYTES PCN,EAGLESCLIFFE MEDICAL PRACTICE,A81039,23415,177242.5148,231426
16C00,BYTES PCN,PARK LANE SURGERY,A81066,12072,88753.21037,98118
16C00,BYTES PCN,THORNABY & BARWICK MEDICAL GROUP,A81034,44548,348503.345,376542
16C00,BYTES PCN,YARM MEDICAL PRACTICE,A81027,22612,182507.3925,258930
16C00,CENTRAL MIDDLESBROUGH PCN,MARTONSIDE MEDICAL CENTRE,A81020,19056,155024.6758,142146
16C00,CENTRAL MIDDLESBROUGH PCN,PARK SURGERY,A81016,21338,150357.1009,222408
16C00,CENTRAL MIDDLESBROUGH PCN,PROSPECT SURGERY,A81029,15828,85820.6149,127026
16C00,CENTRAL MIDDLESBROUGH PCN,THE DISCOVERY PRACTICE,A81064,13159,94699.02741,152082
16C00,CENTRAL MIDDLESBROUGH PCN,THE ENDEAVOUR PRACTICE,A81023,15348,106561.1216,154206
16C00,CENTRAL MIDDLESBROUGH PCN,THE ERIMUS PRACTICE,A81037,13285,101984.9951,117054
16C00,CENTRAL MIDDLESBROUGH PCN,THORNTREE SURGERY,A81621,6602,48109.04389,49500
16C00,DARLINGTON PCN,BLACKETTS MEDICAL PRACTICE,A83034,20183,160178.62,207108
16C00,DARLINGTON PCN,CARMEL MEDICAL PRACTICE,A83031,25599,208719.0036,211068
16C00,DARLINGTON PCN,CLIFTON COURT MEDICAL PRACTICE,A83040,26909,193206.2222,221202
16C00,DARLINGTON PCN,DENMARK STREET SURGERY,A83047,35763,255224.9643,270288
16C00,DARLINGTON PCN,MIDDLETON AND DINSDALE MEDICAL PRACTICE,A83070,14114,122829.1597,106416
16C00,DARLINGTON PCN,MOORLANDS SURGERY,A83010,32946,256928.7023,238320
16C00,DARLINGTON PCN,NEASHAM ROAD SURGERY,A83013,28629,203505.4183,240552
16C00,DARLINGTON PCN,ORCHARD COURT SURGERY,A83006,14978,130534.7793,155466
16C00,DARLINGTON PCN,PARKGATE SURGERY,A83641,9469,66784.26796,87390
16C00,DARLINGTON PCN,ROCKLIFFE COURT SURGERY,A83048,17584,99396.21022,112374
16C00,DARLINGTON PCN,WHINFIELD MEDICAL PRACTICE,A83005,30309,220288.606,218916
16C00,DUMMY,ALICE HOUSE HOSPICE,Y00035,11,358.373922,
16C00,DUMMY,CENTRALMIDDLESBROUGH PCN CENTRAL HUB,Y07522,598,3190.360521,
16C00,DUMMY,DARLINGTON CCG FT COMMUNITY PRACTICE,Y04031,961,14019.27784,
16C00,DUMMY,DARLINGTON PALLIATIVE CARE,Y00142,171,4387.606462,
16C00,DUMMY,EXTENDED HOURS SERVICE-TENNANT STREET,Y05754,1479,15208.08333,
16C00,DUMMY,EXTENDED HOURS SERVICE-WOODBRIDGE,Y05755,3,28.88117249,
16C00,DUMMY,HOLGATE PCN ENHANCED CARE HOME SERVICE,Y07752,1203,5403.002814,
16C00,DUMMY,MINOR SURGERY & DERMATOLOGY UNIT,Y00136,1,51.8524,
16C00,DUMMY,PRIMARY HEALTHCARE DARLINGTON,Y05682,347,2467.571063,
16C00,DUMMY,STAR SCHEME EXTENDED,Y05107,2095,12835.29802,
16C00,DUMMY,THE RIDGEWAY HEALTH CENTRE,Y03303,,,10
16C00,DUMMY,URGENT CARE CENTRE DARLINGTON OOH,Y02064,1078,4572.146183,
16C00,EAST CLEVELAND PCN,BROTTON SURGERY,A81013,20722,131799.9351,138564
16C00,EAST CLEVELAND PCN,HILLSIDE PRACTICE,A81022,24325,154524.165,168912
16C00,EAST CLEVELAND PCN,SPRINGWOOD SURGERY,A81005,18737,122325.7943,137124
16C00,EAST CLEVELAND PCN,THE GARTH,A81032,28747,191800.1384,209376
16C00,EAST CLEVELAND PCN,WOODSIDE SURGERY,A81053,18521,103229.0714,105174
16C00,ESTON PCN,CAMBRIDGE MEDICAL GROUP,A81051,14168,103891.4669,131094
16C00,ESTON PCN,NORMANBY MEDICAL CENTRE,A81021,58672,387571.4593,411822
16C00,ESTON PCN,SOUTH GRANGE MEDICAL GROUP PRACTICE,A81042,39266,253253.167,278694
16C00,ESTON PCN,THE ESTON SURGERY,A81065,7911,49475.21157,66654
16C00,GREATER MIDDLESBROUGH PCN,ACKLAM MEDICAL CENTRE,A81004,21151,162581.3321,203886
16C00,GREATER MIDDLESBROUGH PCN,COULBY MEDICAL PRACTICE,A81058,21467,182206.4202,166644
16C00,GREATER MIDDLESBROUGH PCN,CROSSFELL HEALTH CENTRE,A81019,21600,153961.2871,159660
16C00,GREATER MIDDLESBROUGH PCN,HIRSEL MEDICAL CENTRE,A81038,9065,67820.92055,67932
16C00,GREATER MIDDLESBROUGH PCN,KINGS MEDICAL CENTRE,A81049,13784,88151.81187,116010
16C00,GREATER MIDDLESBROUGH PCN,NEWLANDS MEDICAL CENTRE,A81035,18219,138988.1737,174978
16C00,GREATER MIDDLESBROUGH PCN,PARKWAY MEDICAL CENTRE,A81611,18628,148831.2429,170496
16C00,GREATER MIDDLESBROUGH PCN,WESTBOURNE MEDICAL CENTRE,A81012,13914,95512.35717,102240
16C00,HARTLEPOOL HEALTH PCN,MCKENZIE GROUP PRACTICE,A81070,9876,81876.08031,111204
16C00,HARTLEPOOL HEALTH PCN,MCKENZIE HOUSE SURGERY,A81044,45436,321461.4874,342882
16C00,HARTLEPOOL HEALTH PCN,THE HEADLAND MEDICAL CENTRE,A81063,13469,80779.2548,96606
16C00,HARTLEPOOL PCN,GLADSTONE HOUSE SURGERY,A81622,10211,85494.62056,101682
16C00,HARTLEPOOL PCN,HART MEDICAL PRACTICE,A81041,19177,155686.6949,169560
16C00,HARTLEPOOL PCN,THE PATEL PRACTICE,A81612,6696,57154.27811,73206
16C00,HARTLEPOOL PCN,WEST QUAY MEDICAL PRACTICE,A81060,14370,114296.3882,113634
16C00,HARTLEPOOL PCN,WEST VIEW MILLENIUM SURGERY A,A81631,15401,130375.6268,135072
16C00,HOLGATE PCN,BOROUGH ROAD & NUNTHORPE MEDICAL GROUP,A81030,34400,258683.718,302760
16C00,HOLGATE PCN,LINTHORPE SURGERY,A81026,42070,296407.348,377154
16C00,HOLGATE PCN,VILLAGE MEDICAL CENTRE,A81009,15837,104117.5265,145188
16C00,NORTH STOCKTON PCN,ALMA MEDICAL CENTRE,A81067,22459,187485.4643,196902
16C00,NORTH STOCKTON PCN,QUEENS PARK MEDICAL CENTRE,A81002,42929,324071.4195,337086
16C00,NORTH STOCKTON PCN,TENNANT STREET MEDICAL PRACTICE,A81006,33963,237560.5826,263592
16C00,ONE LIFE HARTLEPOOL PCN,BANKHOUSE SURGERY,A81007,19944,158905.3008,190584
16C00,ONE LIFE HARTLEPOOL PCN,CHADWICK PRACTICE,A81011,30972,226770.4062,213984
16C00,ONE LIFE HARTLEPOOL PCN,HAVELOCK GRANGE PRACTICE,A81031,31118,253157.4704,246024
16C00,REDCAR COASTAL PCN,BENTLEY MEDICAL PRACTICE,A81018,29698,195370.3907,184104
16C00,REDCAR COASTAL PCN,HUNTCLIFF SURGERY,A81618,26030,201434.1792,179208
16C00,REDCAR COASTAL PCN,THE COATHAM ROAD SURGERY,A81045,17141,109379.8571,112464
16C00,REDCAR COASTAL PCN,THE GREEN HOUSE SURGERY,A81052,25184,167599.6907,179334
16C00,REDCAR COASTAL PCN,THE RAVENSCAR SURGERY,Y00286,8289,50154.45308,61110
16C00,REDCAR COASTAL PCN,THE SALTSCAR SURGERY,A81054,21991,144347.9605,153468
16C00,REDCAR COASTAL PCN,ZETLAND MEDICAL PRACTICE,A81048,19057,117324.403,126738
16C00,STOCKTON PCN,ELM TREE SURGERY,A81608,25308,187944.6489,287100
16C00,STOCKTON PCN,RIVERSIDE MEDICAL PRACTICE,A81629,17556,128070.278,188640
16C00,STOCKTON PCN,THE ARRIVAL PRACTICE ( D 01-Jun-25 ),A81634,1318,10816.7696,
16C00,STOCKTON PCN,THE DENSHAM SURGERY,A81001,8261,63932.63828,69804
16C00,STOCKTON PCN,THE DOVECOT SURGERY,A81025,8865,66089.84855,73548
16C00,STOCKTON PCN,WOODBRIDGE PRACTICE,A81017,33205,246117.2728,330354
16C00,STOCKTON PCN,WOODLANDS FAMILY MEDICAL CENTRE,A81046,24612,198191.3036,221166
84H00,BISHOP AUCKLAND PCN,AUCKLAND MEDICAL GROUP,A83021,43344,300193.1553,286920
84H00,BISHOP AUCKLAND PCN,BISHOPGATE MEDICAL CENTRE,A83025,39607,244516.1797,246708
84H00,BISHOP AUCKLAND PCN,STATION VIEW MEDICAL CENTRE,A83015,27184,188096.3841,174708
84H00,CHESTER LE STREET PCN,BRIDGE END SURGERY,A83009,18252,120255.0636,138600
84H00,CHESTER LE STREET PCN,CESTRIA HEALTH CENTRE,A83050,29454,209889.1117,228222
84H00,CHESTER LE STREET PCN,GREAT LUMLEY SURGERY,A83029,16182,103255.6088,94122
84H00,CHESTER LE STREET PCN,MIDDLE CHARE MEDICAL GROUP,A83028,25684,156694.0548,168984
84H00,CHESTER LE STREET PCN,PELTON & FELLROSE MEDICAL GROUP,A83033,29217,178237.8382,182970
84H00,CHESTER LE STREET PCN,SACRISTON MEDICAL CENTRE,A83026,26927,168436.9339,193122
84H00,CHESTER LE STREET PCN,VILLAGES MEDICAL GROUP,A83637,12132,73226.44066,74034
84H00,CLAYPATH & UNIVERSITY MEDICAL GROUP PCN,CLAYPATH & UNIVERSITY MEDICAL GROUP,A83011,20855,183456.6661,581472
84H00,DERWENTSIDE PCN,ANNFIELD PLAIN SURGERY,A83644,10204,70023.28494,64746
84H00,DERWENTSIDE PCN,BROWNEY HOUSE SURGERY,A83617,7356,43584.33122,45203
84H00,DERWENTSIDE PCN,CEDARS MEDICAL GROUP,A83038,13452,84721.31806,111456
84H00,DERWENTSIDE PCN,CONSETT MEDICAL CENTRE,A83018,51569,294944.3915,302112
84H00,DERWENTSIDE PCN,DRS LAMBERT & NG,A83073,17633,110645.7808,95184
84H00,DERWENTSIDE PCN,LANCHESTER MEDICAL CENTRE,A83072,8754,61384.90013,75366
84H00,DERWENTSIDE PCN,LEADGATE SURGERY,A83636,17207,94099.76624,104562
84H00,DERWENTSIDE PCN,OAKFIELDS HEALTH GROUP,A83618,22032,128669.4116,138546
84H00,DERWENTSIDE PCN,QUEENS ROAD SURGERY,A83049,36419,247590.4808,294624
84H00,DERWENTSIDE PCN,STANLEY MEDICAL GROUP,A83023,38142,238681.2363,225756
84H00,DERWENTSIDE PCN,TANFIELD VIEW MEDICAL GROUP,A83016,35304,212009.5904,194382
84H00,DERWENTSIDE PCN,THE HAVEN SURGERY,A83622,5394,33030.82272,31410
84H00,DUMMY,BISHOP AUCKLAND PRIMARY CARE SERVICES,Y05736,1284,4466.630275,
84H00,DUMMY,CENTRAL DURHAM GP ENH'D ACCESS SERVICE,Y05843,435,2442.451201,
84H00,DUMMY,CHESTER-LE-ST GP EXTENDED ACCESS SERVICE,Y05848,4,11.48093181,
84H00,DUMMY,DC & EC GP ENHANCED ACCESS SERVICE,Y07705,449,2004.082668,
84H00,DUMMY,DDES CCG FT COMMUNITY PRACTICE,Y04032,2465,51304.28753,
84H00,DUMMY,DERMATOLOGY SERVICE,Y06168,63,1032.640338,
84H00,DUMMY,DERWENTSIDE GP EXTENDED ACCESS SERVICE,Y05845,301,1632.390922,
84H00,DUMMY,DURHAM DALES EAST DERMATOLOGY,Y02203,110,2469.743639,
84H00,DUMMY,DURHAM DALES VAWAS,Y05118,400,1723.80623,
84H00,DUMMY,DURHAM DALES WEST DERMATOLOGY,Y00866,3,40.53003464,
84H00,DUMMY,EAR NOSE AND THROAT CLINIC,Y02083,4,26.24865837,
84H00,DUMMY,NE GP ENHANCED ACCESS SERVICE,Y07700,206,1414.01633,
84H00,DUMMY,NORTH DURHAM CCG FT COMMUNITY PRACTICE,Y04033,14,162.3672459,
84H00,DUMMY,OUT OF HOURS CENTRE,Y00605,102,1354.409266,
84H00,DUMMY,PETERLEE PRIMARY CARE SERVICES,Y05738,452,1889.490577,
84H00,DUMMY,RICHARDSON COMMUNITY HOSPITAL,Y02115,16,126.5405378,
84H00,DUMMY,S1 GP ENHANCED ACCESS SERVICE,Y07698,117,533.4055045,
84H00,DUMMY,SEDGEFIELD COMMUNITY HOSPITAL,Y06462,3,52.56024255,
84H00,DUMMY,SEDGEFIELD PRIMARY CARE SERVICES,Y05735,472,1991.582739,
84H00,DUMMY,SN GP ENHANCED ACCESS SERVICE,Y07935,326,1967.370464,
84H00,DUMMY,SOUTH DURHAM HEALTH,Y05119,833,5000.680564,
84H00,DUMMY,ST CUTHBERTS HOSPICE,Y03385,207,2357.740686,
84H00,DUMMY,UNIDENTIFIED DOCTORS,84H998,344,1810.525455,
84H00,DUMMY,UNIV HOSP NORTH DURHAM OOH,Y00650,48,603.9952798,
84H00,DUMMY,URGENT CARE CENTRE BISHOP AUCKLAND,Y00824,2010,8322.756931,
84H00,DUMMY,URGENT CARE CENTRES PETERLEE AND SEAHAM,Y00688,36,78.38663718,
84H00,DUMMY,WEARDALE COMMUNITY HOSPITAL,Y02352,22,416.6926105,
84H00,DUMMY,WILLOWBURN HOSPICE,Y01636,21,429.894365,
84H00,DURHAM COAST PCN,BEVAN MEDICAL GROUP,A83616,26832,156547.4191,155520
84H00,DURHAM COAST PCN,EAST DURHAM MEDICAL GROUP,A83057,55945,370180.5338,328392
84H00,DURHAM COAST PCN,SOUTHDENE MEDICAL CENTRE,A83619,10058,57897.395,61038
84H00,DURHAM COAST PCN,WINGATE MEDICAL PRACTICE INTRAHEALTH,A83610,10364,63013.50193,63774
84H00,DURHAM EAST PCN,BELMONT & SHERBURN MEDICAL GROUP,A83014,14593,102448.883,112932
84H00,DURHAM EAST PCN,BOWBURN MEDICAL CENTRE,A83635,8296,60323.70373,82494
84H00,DURHAM EAST PCN,CHEVELEY PARK MEDICAL CTR,A83055,11107,85980.6336,91350
84H00,DURHAM EAST PCN,COXHOE MEDICAL PRACTICE,A83027,17244,118460.7157,137736
84H00,DURHAM EAST PCN,WEST RAINTON SURGERY,A83024,16646,114551.4419,98568
84H00,DURHAM WEST PCN,CHASTLETON MEDICAL GROUP,A83036,18924,159866.8846,186120
84H00,DURHAM WEST PCN,DUNELM MEDICAL PRACTICE,A83030,30218,214232.7031,260892
84H00,DURHAM WEST PCN,THE MEDICAL GROUP,A83022,65696,462218.2863,480078
84H00,EASINGTON CENTRAL PCN,BLACKHALL AND PETERLEE PRACTICE,A83007,30072,190045.091,184536
84H00,EASINGTON CENTRAL PCN,THE HORDEN GROUP PRACTICE,A83044,22210,141083.9215,149328
84H00,EASINGTON CENTRAL PCN,WILLIAM BROWN CENTRE,A83012,44062,257041.1543,280638
84H00,NORTH EASINGTON PCN,BYRON MEDICAL PRACTICE,A83075,29528,153723.0657,149742
84H00,NORTH EASINGTON PCN,MARLBOROUGH SURGERY,A83051,35292,202215.0981,205812
84H00,NORTH EASINGTON PCN,MURTON MEDICAL CENTRE,A83041,27863,148666.6301,132282
84H00,NORTH EASINGTON PCN,SILVERDALE FAMILY PRACTICE,A83627,15738,92208.96575,119502
84H00,NORTH EASINGTON PCN,THE NEW SEAHAM MEDICAL GROUP,A83071,12828,78256.4541,84240
84H00,SEDGEFIELD 1 PCN,BEWICK CRESCENT SURGERY,A83037,37286,266389.6315,234054
84H00,SEDGEFIELD 1 PCN,HALLGARTH SURGERY,A83008,16612,95221.03577,96660
84H00,SEDGEFIELD 1 PCN,JUBILEE MEDICAL GROUP,A83066,31058,188752.0941,229770
84H00,SEDGEFIELD 1 PCN,PEASE WAY MEDICAL CENTRE,A83074,25847,193099.1464,216108
84H00,SEDGEFIELD NORTH PCN,BISHOPS CLOSE MEDICAL PRACTICE,A83052,26762,157739.9099,155718
84H00,SEDGEFIELD NORTH PCN,FERRYHILL AND CHILTON MEDICAL PRACTICE,A83045,44465,273254.3446,267858
84H00,SEDGEFIELD NORTH PCN,SKERNE MEDICAL GROUP,A83054,38249,244017.3327,303498
84H00,SEDGEFIELD NORTH PCN,ST ANDREW'S MEDICAL PRACTICE,A83001,41926,259470.7266,283320
84H00,SEDGEFIELD NORTH PCN,WEST CORNFORTH MEDICAL CENTRE,A83634,10471,55962.00988,49644
84H00,TEESDALE PCN,BARNARD CASTLE SURGERY,A83046,25986,167220.9468,198108
84H00,TEESDALE PCN,EVENWOOD MEDICAL PRACTICE,A83626,6399,43273.84599,41274
84H00,TEESDALE PCN,GAINFORD SURGERY,A83061,8124,54532.42061,62543
84H00,TEESDALE PCN,OLD FORGE SURGERY,A83043,8282,47380.69086,48492
84H00,TEESDALE PCN,PINFOLD MEDICAL PRACTICE,A83060,8690,60998.31552,52020
84H00,TEESDALE PCN,WOODVIEW MEDICAL PRACTICE,A83032,6819,41022.06773,47088
84H00,WEAR VALLEY PCN,NORTH HOUSE SURGERY,A83020,36111,271725.2289,243018
84H00,WEAR VALLEY PCN,THE WEARDALE PRACTICE,A83035,18117,116822.8608,129186
84H00,WEAR VALLEY PCN,WILLINGTON MEDICAL GROUP,A83003,25881,192570.8887,165060
99C00,CRAMLINGTON SEATON VALLEY PCN,WOODLANDS PARK HEALTH CTR,A87017,17452,96945.97198,120060
99C00,DUMMY,EXTENDED ACCESS HUB,Y05311,1831,10162.74086,
99C00,DUMMY,INTERMEDIATE CARE,Y05892,378,1842.516781,
99C00,DUMMY,NDUC NORTH TYNESIDE OOH,Y04838,39,289.3148715,
99C00,DUMMY,NORTH TYNESIDE COMMUNITY SERVICE,Y04187,508,9594.001944,
99C00,DUMMY,NORTH TYNESIDE HEALTH VISITORS,Y05831,1,1.156226406,
99C00,DUMMY,WALLSEND PRIMARY CARE NETWORK OOH,Y06830,351,1507.10442,
99C00,NORTH SHIELDS PCN,COLLINGWOOD HEALTH GROUP,A87004,52203,415839.3836,441306
99C00,NORTH SHIELDS PCN,NELSON MEDICAL GROUP ( D 01-Apr-25 ),A87019,29,55.76812012,
99C00,NORTH SHIELDS PCN,PRIORY MEDICAL GROUP,A87009,33546,215328.268,278190
99C00,NORTH SHIELDS PCN,REDBURN PARK MEDICAL CENTRE,A87030,11990,86282.88285,112662
99C00,NORTH SHIELDS PCN,SPRING TERRACE HEALTH CENTRE,A87002,52023,347023.8857,387774
99C00,NORTH TYNESIDE NORTH WEST PCN,LANE END SURGERY,A86016,15626,104531.1159,170568
99C00,NORTH TYNESIDE NORTH WEST PCN,MALLARD MEDICAL PRACTICE,A87615,10836,80645.6761,98748
99C00,NORTH TYNESIDE NORTH WEST PCN,NORTHUMBERLAND PARK MEDICAL GROUP,A87022,17594,120042.6928,172764
99C00,NORTH TYNESIDE NORTH WEST PCN,STEPHENSON PARK HEALTH GROUP,A87007,41128,272545.2018,320508
99C00,NORTH TYNESIDE NORTH WEST PCN,SWARLAND AVENUE SURGERY,A86041,13015,75965.3155,120528
99C00,NORTH TYNESIDE NORTH WEST PCN,WELLSPRING MEDICAL PRACT.,A87612,18987,112757.6783,117432
99C00,NORTH TYNESIDE NORTH WEST PCN,WEST FARM SURGERY,A86005,14755,101085.2323,108072
99C00,NORTH TYNESIDE NORTH WEST PCN,WIDEOPEN MEDICAL CENTRE,A87012,20455,125535.1823,135270
99C00,WALLSEND PCN,BEWICKE MEDICAL CENTRE,A87013,24170,162800.5955,167454
99C00,WALLSEND PCN,HADRIAN HEALTH CENTRE,A87029,52170,321330.3857,378882
99C00,WALLSEND PCN,THE VILLAGE GREEN SURGERY,A87016,29174,187888.872,230418
99C00,WHITLEY BAY PCN,49 MARINE AVENUE SURGERY ( D 01-Apr-25 ),A87006,12,54.94487733,
99C00,WHITLEY BAY PCN,BEAUMONT PARK SURGERY,A87011,11973,95977.42638,114444
99C00,WHITLEY BAY PCN,BRIDGE AND MONKSEATON MEDICAL PRACTICE,A87020,27175,197483.7276,239472
99C00,WHITLEY BAY PCN,MARINE AVENUE MEDICAL CTR,A87008,14052,107163.9215,160452
99C00,WHITLEY BAY PCN,PARK PARADE PRACTICE ( D 01-Apr-25 ),A87600,6,2.962022462,
99C00,WHITLEY BAY PCN,WHITLEY BAY HEALTH CENTRE,A87005,23370,187109.2897,246258
