ICB plus Code,Commissioner / Provider Code,PCN,Practice,Practice Code,Year Month,BNF Chapter plus Code,Items,Actual Cost
NHS NORTH EAST AND NORTH CUMBRIA INTEGRATED CARE BOARD (QHM),00L00,BLYTH PCN,MARINE MEDICAL GROUP,A84014,202506,All BNF Chapters,33694,231546.7402
NHS NORTH EAST AND NORTH CUMBRIA INTEGRATED CARE BOARD (QHM),00L00,BLYTH PCN,RAILWAY MEDICAL GROUP,A84009,202506,All BNF Chapters,78655,463127.0102
NHS NORTH EAST AND NORTH CUMBRIA INTEGRATED CARE BOARD (QHM),00L00,CRAMLINGTON SEATON VALLEY PCN,FORUM FAMILY PRACTICE,A84038,202506,All BNF Chapters,20228,129879.6824
NHS NORTH EAST AND NORTH CUMBRIA INTEGRATED CARE BOARD (QHM),00L00,CRAMLINGTON SEATON VALLEY PCN,NETHERFIELD HOUSE,A84037,202506,All BNF Chapters,14501,98891.80325
NHS NORTH EAST AND NORTH CUMBRIA INTEGRATED CARE BOARD (QHM),00L00,CRAMLINGTON SEATON VALLEY PCN,VILLAGE MEDICAL GROUP,A84030,202506,All BNF Chapters,24493,167506.1087
NHS NORTH EAST AND NORTH CUMBRIA INTEGRATED CARE BOARD (QHM),00L00,DUMMY,HADRIAN PRIMARY CARE ALLIANCE,Y05873,202506,All BNF Chapters,151,734.6141992
NHS NORTH EAST AND NORTH CUMBRIA INTEGRATED CARE BOARD (QHM),00L00,DUMMY,NDUC NORTHUMBERLAND OOH,Y00661,202506,All BNF Chapters,1022,4917.243044
NHS NORTH EAST AND NORTH CUMBRIA INTEGRATED CARE BOARD (QHM),00L00,DUMMY,NORTHUMBERLAND COMMUNITY SERVICE,Y04169,202506,All BNF Chapters,224,4077.384074
NHS NORTH EAST AND NORTH CUMBRIA INTEGRATED CARE BOARD (QHM),00L00,DUMMY,RIVERSDALE SURGERY,A84035,202506,All BNF Chapters,13563,71275.22807
NHS NORTH EAST AND NORTH CUMBRIA INTEGRATED CARE BOARD (QHM),00L00,DUMMY,THE ADDERLANE SURGERY,A84614,202506,All BNF Chapters,3956,29927.30711
NHS NORTH EAST AND NORTH CUMBRIA INTEGRATED CARE BOARD (QHM),00L00,DUMMY,THE CRAMLINGTON HUB,Y06856,202506,All BNF Chapters,139,1125.003606
NHS NORTH EAST AND NORTH CUMBRIA INTEGRATED CARE BOARD (QHM),00L00,DUMMY,UNIDENTIFIED DOCTORS,00L998,202506,All BNF Chapters,27,309.3473178
NHS NORTH EAST AND NORTH CUMBRIA INTEGRATED CARE BOARD (QHM),00L00,NORTHUMBRIA PCN,COQUET MEDICAL GROUP,A84022,202506,All BNF Chapters,30968,176191.4825
NHS NORTH EAST AND NORTH CUMBRIA INTEGRATED CARE BOARD (QHM),00L00,NORTHUMBRIA PCN,CRAMLINGTON MEDICAL GROUP,A84025,202506,All BNF Chapters,14627,84768.77521
NHS NORTH EAST AND NORTH CUMBRIA INTEGRATED CARE BOARD (QHM),00L00,NORTHUMBRIA PCN,ELSDON AVENUE SURGERY,A84619,202506,All BNF Chapters,10201,58100.09201
NHS NORTH EAST AND NORTH CUMBRIA INTEGRATED CARE BOARD (QHM),00L00,NORTHUMBRIA PCN,HAYDON BRIDGE & ALLENDALE MEDICAL PRACT,A84045,202506,All BNF Chapters,13821,65950.44157
NHS NORTH EAST AND NORTH CUMBRIA INTEGRATED CARE BOARD (QHM),00L00,NORTHUMBRIA PCN,NORTHUMBERLAND HEALTH,A84029,202506,All BNF Chapters,11054,58840.48348
NHS NORTH EAST AND NORTH CUMBRIA INTEGRATED CARE BOARD (QHM),00L00,NORTHUMBRIA PCN,PONTELAND MEDICAL GROUP,A84007,202506,All BNF Chapters,26791,148833.756
NHS NORTH EAST AND NORTH CUMBRIA INTEGRATED CARE BOARD (QHM),00L00,NORTHUMBRIA PCN,THE ROTHBURY PRACTICE,A84002,202506,All BNF Chapters,9581,79705.48833
NHS NORTH EAST AND NORTH CUMBRIA INTEGRATED CARE BOARD (QHM),00L00,NORTHUMBRIA PCN,VALENS MEDICAL PARTNERSHIP,A84036,202506,All BNF Chapters,121721,675508.4613
NHS NORTH EAST AND NORTH CUMBRIA INTEGRATED CARE BOARD (QHM),00L00,WANSBECK PCN,BEDLINGTONSHIRE MED.GROUP,A84005,202506,All BNF Chapters,30752,182710.8259
NHS NORTH EAST AND NORTH CUMBRIA INTEGRATED CARE BOARD (QHM),00L00,WANSBECK PCN,GUIDEPOST MEDICAL GROUP,A84020,202506,All BNF Chapters,21203,130550.9582
NHS NORTH EAST AND NORTH CUMBRIA INTEGRATED CARE BOARD (QHM),00L00,WANSBECK PCN,SEATON PARK MEDICAL GROUP,A84028,202506,All BNF Chapters,51151,283720.6735
NHS NORTH EAST AND NORTH CUMBRIA INTEGRATED CARE BOARD (QHM),00L00,WANSBECK PCN,THE GABLES MEDICAL GROUP,A84013,202506,All BNF Chapters,15647,100756.085
NHS NORTH EAST AND NORTH CUMBRIA INTEGRATED CARE BOARD (QHM),00L00,WELL UP NORTH PCN,ALNWICK MEDICAL GROUP,A84006,202506,All BNF Chapters,51691,258280.0071
NHS NORTH EAST AND NORTH CUMBRIA INTEGRATED CARE BOARD (QHM),00L00,WELL UP NORTH PCN,BELFORD MEDICAL PRACTICE,A84008,202506,All BNF Chapters,11974,65677.33576
NHS NORTH EAST AND NORTH CUMBRIA INTEGRATED CARE BOARD (QHM),00L00,WELL UP NORTH PCN,GAS HOUSE LANE SURGERY,A84039,202506,All BNF Chapters,15741,74784.68062
NHS NORTH EAST AND NORTH CUMBRIA INTEGRATED CARE BOARD (QHM),00L00,WELL UP NORTH PCN,GREYSTOKE SURGERY,A84031,202506,All BNF Chapters,19172,120919.4028
NHS NORTH EAST AND NORTH CUMBRIA INTEGRATED CARE BOARD (QHM),00L00,WELL UP NORTH PCN,UNION BRAE & NORHAM PRAC,A84044,202506,All BNF Chapters,17028,93061.1053
NHS NORTH EAST AND NORTH CUMBRIA INTEGRATED CARE BOARD (QHM),00L00,WELL UP NORTH PCN,WELL CLOSE MEDICAL GROUP,A84026,202506,All BNF Chapters,22830,135278.3539
NHS NORTH EAST AND NORTH CUMBRIA INTEGRATED CARE BOARD (QHM),00L00,WELL UP NORTH PCN,WOOLER HEALTH,A84604,202506,All BNF Chapters,12878,62511.75135
NHS NORTH EAST AND NORTH CUMBRIA INTEGRATED CARE BOARD (QHM),00L00,WEST NORTHUMBERLAND PCN,BELLINGHAM PRACTICE,A84027,202506,All BNF Chapters,8966,44896.91431
NHS NORTH EAST AND NORTH CUMBRIA INTEGRATED CARE BOARD (QHM),00L00,WEST NORTHUMBERLAND PCN,BRANCH END SURGERY,A84047,202506,All BNF Chapters,11496,68565.62046
NHS NORTH EAST AND NORTH CUMBRIA INTEGRATED CARE BOARD (QHM),00L00,WEST NORTHUMBERLAND PCN,BURN BRAE MEDICAL GROUP,A84024,202506,All BNF Chapters,21988,146243.5253
NHS NORTH EAST AND NORTH CUMBRIA INTEGRATED CARE BOARD (QHM),00L00,WEST NORTHUMBERLAND PCN,CORBRIDGE HEALTH CENTRE,A84018,202506,All BNF Chapters,16281,98467.27513
NHS NORTH EAST AND NORTH CUMBRIA INTEGRATED CARE BOARD (QHM),00L00,WEST NORTHUMBERLAND PCN,HALTWHISTLE MEDICAL GROUP,A84034,202506,All BNF Chapters,14136,81829.31103
NHS NORTH EAST AND NORTH CUMBRIA INTEGRATED CARE BOARD (QHM),00L00,WEST NORTHUMBERLAND PCN,HUMSHAUGH & WARK MED GRP,A84040,202506,All BNF Chapters,8167,38027.86709
NHS NORTH EAST AND NORTH CUMBRIA INTEGRATED CARE BOARD (QHM),00L00,WEST NORTHUMBERLAND PCN,PRUDHOE MEDICAL GROUP,A84016,202506,All BNF Chapters,12547,87342.53999
NHS NORTH EAST AND NORTH CUMBRIA INTEGRATED CARE BOARD (QHM),00L00,WEST NORTHUMBERLAND PCN,SCOTS GAP MEDICAL GROUP,A84042,202506,All BNF Chapters,5122,25310.65069
NHS NORTH EAST AND NORTH CUMBRIA INTEGRATED CARE BOARD (QHM),00L00,WEST NORTHUMBERLAND PCN,THE SELE MEDICAL PRACTICE,A84033,202506,All BNF Chapters,12745,71769.93451
NHS NORTH EAST AND NORTH CUMBRIA INTEGRATED CARE BOARD (QHM),00L00,WEST NORTHUMBERLAND PCN,WHITE MEDICAL GROUP,A84011,202506,All BNF Chapters,19059,104873.4509
NHS NORTH EAST AND NORTH CUMBRIA INTEGRATED CARE BOARD (QHM),00N00,DUMMY,HAVEN COURT,Y01956,202506,All BNF Chapters,1184,6853.087082
NHS NORTH EAST AND NORTH CUMBRIA INTEGRATED CARE BOARD (QHM),00N00,DUMMY,PALLIATIVE CARE CONSULTANTS-STY,Y01673,202506,All BNF Chapters,4,59.47597817
NHS NORTH EAST AND NORTH CUMBRIA INTEGRATED CARE BOARD (QHM),00N00,DUMMY,SOUTH TYNESIDE & SUNDERLAND NHS FT STY,Y03917,202506,All BNF Chapters,125,2203.248001
NHS NORTH EAST AND NORTH CUMBRIA INTEGRATED CARE BOARD (QHM),00N00,DUMMY,SOUTH TYNESIDE ENHANCED PRIMARY CARE,Y05445,202506,All BNF Chapters,1178,10673.74653
NHS NORTH EAST AND NORTH CUMBRIA INTEGRATED CARE BOARD (QHM),00N00,DUMMY,SOUTH TYNESIDE URGENT CARE HUB WIC,Y05260,202506,All BNF Chapters,398,1252.382753
NHS NORTH EAST AND NORTH CUMBRIA INTEGRATED CARE BOARD (QHM),00N00,DUMMY,UNIDENTIFIED DOCTORS,00N998,202506,All BNF Chapters,13,154.8739371
NHS NORTH EAST AND NORTH CUMBRIA INTEGRATED CARE BOARD (QHM),00N00,SOUTH TYNESIDE EAST PCN,FARNHAM MEDICAL CTR.,A88002,202506,All BNF Chapters,39868,231566.6544
NHS NORTH EAST AND NORTH CUMBRIA INTEGRATED CARE BOARD (QHM),00N00,SOUTH TYNESIDE EAST PCN,ST GEORGE & RIVERSIDE MEDICAL PRACTICE,A88015,202506,All BNF Chapters,19580,90044.91343
NHS NORTH EAST AND NORTH CUMBRIA INTEGRATED CARE BOARD (QHM),00N00,SOUTH TYNESIDE EAST PCN,TALBOT MEDICAL CENTRE,A88006,202506,All BNF Chapters,21025,124141.5914
NHS NORTH EAST AND NORTH CUMBRIA INTEGRATED CARE BOARD (QHM),00N00,SOUTH TYNESIDE EAST PCN,TRINITY MEDICAL CENTRE,A88008,202506,All BNF Chapters,15776,83246.2714
NHS NORTH EAST AND NORTH CUMBRIA INTEGRATED CARE BOARD (QHM),00N00,SOUTH TYNESIDE EAST PCN,WENLOCK ROAD SURGERY,A88005,202506,All BNF Chapters,12313,59387.73771
NHS NORTH EAST AND NORTH CUMBRIA INTEGRATED CARE BOARD (QHM),00N00,SOUTH TYNESIDE EAST PCN,WEST VIEW SURGERY,A88014,202506,All BNF Chapters,5531,27779.34126
NHS NORTH EAST AND NORTH CUMBRIA INTEGRATED CARE BOARD (QHM),00N00,SOUTH TYNESIDE SOUTH PCN,CENTRAL SURGERY,A88013,202506,All BNF Chapters,45567,267641.8841
NHS NORTH EAST AND NORTH CUMBRIA INTEGRATED CARE BOARD (QHM),00N00,SOUTH TYNESIDE SOUTH PCN,COLLIERY COURT MEDICAL GROUP,A88016,202506,All BNF Chapters,17227,112320.4939
NHS NORTH EAST AND NORTH CUMBRIA INTEGRATED CARE BOARD (QHM),00N00,SOUTH TYNESIDE SOUTH PCN,DR THORNILEY-WALKER & PARTNERS,A88009,202506,All BNF Chapters,12033,67142.80849
NHS NORTH EAST AND NORTH CUMBRIA INTEGRATED CARE BOARD (QHM),00N00,SOUTH TYNESIDE SOUTH PCN,IMEARY MEDICAL GROUP,A88601,202506,All BNF Chapters,10678,61385.93148
NHS NORTH EAST AND NORTH CUMBRIA INTEGRATED CARE BOARD (QHM),00N00,SOUTH TYNESIDE SOUTH PCN,MARSDEN MEDICAL GROUP,A88003,202506,All BNF Chapters,47798,310570.1925
NHS NORTH EAST AND NORTH CUMBRIA INTEGRATED CARE BOARD (QHM),00N00,SOUTH TYNESIDE SOUTH PCN,WHITBURN SURGERY,A88023,202506,All BNF Chapters,12686,66305.45293
NHS NORTH EAST AND NORTH CUMBRIA INTEGRATED CARE BOARD (QHM),00N00,SOUTH TYNESIDE WEST PCN,ALBERT ROAD SURGERY,A88010,202506,All BNF Chapters,11859,63825.51291
NHS NORTH EAST AND NORTH CUMBRIA INTEGRATED CARE BOARD (QHM),00N00,SOUTH TYNESIDE WEST PCN,EAST WING PRACTICE,A88613,202506,All BNF Chapters,11691,68074.1585
NHS NORTH EAST AND NORTH CUMBRIA INTEGRATED CARE BOARD (QHM),00N00,SOUTH TYNESIDE WEST PCN,ELLISON VIEW SURGERY,A88012,202506,All BNF Chapters,15389,86535.15357
NHS NORTH EAST AND NORTH CUMBRIA INTEGRATED CARE BOARD (QHM),00N00,SOUTH TYNESIDE WEST PCN,MAYFIELD MEDICAL GROUP,A88004,202506,All BNF Chapters,18501,129083.6557
NHS NORTH EAST AND NORTH CUMBRIA INTEGRATED CARE BOARD (QHM),00N00,SOUTH TYNESIDE WEST PCN,RAVENSWORTH SURGERY,A88608,202506,All BNF Chapters,15586,83788.21452
NHS NORTH EAST AND NORTH CUMBRIA INTEGRATED CARE BOARD (QHM),00N00,SOUTH TYNESIDE WEST PCN,THE G.P.SUITE,A88025,202506,All BNF Chapters,8529,68634.74618
NHS NORTH EAST AND NORTH CUMBRIA INTEGRATED CARE BOARD (QHM),00N00,SOUTH TYNESIDE WEST PCN,THE GLEN MEDICAL GROUP,A88022,202506,All BNF Chapters,23105,136591.7641
NHS NORTH EAST AND NORTH CUMBRIA INTEGRATED CARE BOARD (QHM),00N00,SOUTH TYNESIDE WEST PCN,VICTORIA MEDICAL CENTRE,A88001,202506,All BNF Chapters,8499,40839.11645
NHS NORTH EAST AND NORTH CUMBRIA INTEGRATED CARE BOARD (QHM),00P00,COALFIELDS PCN,GRANGEWOOD SURGERY,A89028,202506,All BNF Chapters,18378,94253.38472
NHS NORTH EAST AND NORTH CUMBRIA INTEGRATED CARE BOARD (QHM),00P00,COALFIELDS PCN,HERRINGTON MEDICAL CENTRE,A89009,202506,All BNF Chapters,18105,115204.668
NHS NORTH EAST AND NORTH CUMBRIA INTEGRATED CARE BOARD (QHM),00P00,COALFIELDS PCN,HETTON GROUP PRACTICE,A89004,202506,All BNF Chapters,38775,183520.6697
NHS NORTH EAST AND NORTH CUMBRIA INTEGRATED CARE BOARD (QHM),00P00,COALFIELDS PCN,"HOUGHTON MEDICAL GROUP,",A89023,202506,All BNF Chapters,22647,114984.4891
NHS NORTH EAST AND NORTH CUMBRIA INTEGRATED CARE BOARD (QHM),00P00,COALFIELDS PCN,KEPIER MEDICAL PRACTICE,A89021,202506,All BNF Chapters,23125,129189.894
NHS NORTH EAST AND NORTH CUMBRIA INTEGRATED CARE BOARD (QHM),00P00,COALFIELDS PCN,WESTBOURNE MEDICAL GROUP,A89030,202506,All BNF Chapters,23292,104503.4484
NHS NORTH EAST AND NORTH CUMBRIA INTEGRATED CARE BOARD (QHM),00P00,DUMMY,CARDIOLOGY SERVICE,Y01726,202506,All BNF Chapters,86,1846.205993
NHS NORTH EAST AND NORTH CUMBRIA INTEGRATED CARE BOARD (QHM),00P00,DUMMY,COMMUNITY STROKE REHABILITATION TEAM,Y06520,202506,All BNF Chapters,2,1.368596057
NHS NORTH EAST AND NORTH CUMBRIA INTEGRATED CARE BOARD (QHM),00P00,DUMMY,CONSULTANT - ST BENEDICT,A89634,202506,All BNF Chapters,7,64.57660705
NHS NORTH EAST AND NORTH CUMBRIA INTEGRATED CARE BOARD (QHM),00P00,DUMMY,CONSULTANT DERMATOLOGIST(SUNDERLAND),Y01209,202506,All BNF Chapters,421,10343.11798
NHS NORTH EAST AND NORTH CUMBRIA INTEGRATED CARE BOARD (QHM),00P00,DUMMY,FARMBOROUGH COURT,Y01717,202506,All BNF Chapters,2102,6603.728409
NHS NORTH EAST AND NORTH CUMBRIA INTEGRATED CARE BOARD (QHM),00P00,DUMMY,ICAR,Y05468,202506,All BNF Chapters,1,1.916111081
NHS NORTH EAST AND NORTH CUMBRIA INTEGRATED CARE BOARD (QHM),00P00,DUMMY,NDUC GP OUT OF HOURS SERVICE (OOH),Y05136,202506,All BNF Chapters,156,1013.127057
NHS NORTH EAST AND NORTH CUMBRIA INTEGRATED CARE BOARD (QHM),00P00,DUMMY,PALLION PRIMARY CARE SERVICES,Y01262,202506,All BNF Chapters,340,470.5037539
NHS NORTH EAST AND NORTH CUMBRIA INTEGRATED CARE BOARD (QHM),00P00,DUMMY,RECOVERY AT HOME - LEECHMERE,Y05437,202506,All BNF Chapters,1,0.788282247
NHS NORTH EAST AND NORTH CUMBRIA INTEGRATED CARE BOARD (QHM),00P00,DUMMY,SOUTH TYNESIDE & SUNDERLAND NHS FT SUN,Y03921,202506,All BNF Chapters,137,1828.631878
NHS NORTH EAST AND NORTH CUMBRIA INTEGRATED CARE BOARD (QHM),00P00,DUMMY,SUNDERLAND COMMUNITY PAEDIATRICS TEAM,Y03394,202506,All BNF Chapters,16,129.6700616
NHS NORTH EAST AND NORTH CUMBRIA INTEGRATED CARE BOARD (QHM),00P00,DUMMY,SUNDERLAND EAST PCN HUB,Y08105,202506,All BNF Chapters,5,9.583019273
NHS NORTH EAST AND NORTH CUMBRIA INTEGRATED CARE BOARD (QHM),00P00,DUMMY,SUNDERLAND ENHANCED ACCESS SERVICE,Y05828,202506,All BNF Chapters,1106,5276.118671
NHS NORTH EAST AND NORTH CUMBRIA INTEGRATED CARE BOARD (QHM),00P00,DUMMY,SUNDERLAND PODIATRY,Y08358,202506,All BNF Chapters,10,12.79448985
NHS NORTH EAST AND NORTH CUMBRIA INTEGRATED CARE BOARD (QHM),00P00,DUMMY,SUNDERLAND WEST 2 PCN ENHANCED ACCESS,Y05438,202506,All BNF Chapters,279,4555.209931
NHS NORTH EAST AND NORTH CUMBRIA INTEGRATED CARE BOARD (QHM),00P00,DUMMY,UNIDENTIFIED DOCTORS,00P998,202506,All BNF Chapters,147,1042.253589
NHS NORTH EAST AND NORTH CUMBRIA INTEGRATED CARE BOARD (QHM),00P00,DUMMY,WASHINGTON PCN HUB,Y08101,202506,All BNF Chapters,262,1737.057669
NHS NORTH EAST AND NORTH CUMBRIA INTEGRATED CARE BOARD (QHM),00P00,SUNDERLAND CENTRAL PCN,HAPPY HOUSE SURGERY,A89041,202506,All BNF Chapters,21626,119451.5399
NHS NORTH EAST AND NORTH CUMBRIA INTEGRATED CARE BOARD (QHM),00P00,SUNDERLAND CENTRAL PCN,NEW SILKSWORTH MEDICAL PRACTICE,A89032,202506,All BNF Chapters,21776,107914.3619
NHS NORTH EAST AND NORTH CUMBRIA INTEGRATED CARE BOARD (QHM),00P00,SUNDERLAND CENTRAL PCN,SPRINGWELL MEDICAL GROUP,A89027,202506,All BNF Chapters,15312,94823.20383
NHS NORTH EAST AND NORTH CUMBRIA INTEGRATED CARE BOARD (QHM),00P00,SUNDERLAND CENTRAL PCN,SUNDERLAND GP ALLIANCE SOUTH HYLTON SURG,A89614,202506,All BNF Chapters,12093,64790.07704
NHS NORTH EAST AND NORTH CUMBRIA INTEGRATED CARE BOARD (QHM),00P00,SUNDERLAND CENTRAL PCN,VILLAGE SURGERY PARTNERSHIP,A89011,202506,All BNF Chapters,12512,66340.93733
NHS NORTH EAST AND NORTH CUMBRIA INTEGRATED CARE BOARD (QHM),00P00,SUNDERLAND EAST PCN,ASHBURN MEDICAL CENTRE,A89018,202506,All BNF Chapters,14220,80357.58528
NHS NORTH EAST AND NORTH CUMBRIA INTEGRATED CARE BOARD (QHM),00P00,SUNDERLAND EAST PCN,DEERNESS PARK MEDICAL GROUP,A89001,202506,All BNF Chapters,36406,196165.176
NHS NORTH EAST AND NORTH CUMBRIA INTEGRATED CARE BOARD (QHM),00P00,SUNDERLAND EAST PCN,PARK LANE PRACTICE,A89034,202506,All BNF Chapters,5556,32506.62176
NHS NORTH EAST AND NORTH CUMBRIA INTEGRATED CARE BOARD (QHM),00P00,SUNDERLAND EAST PCN,RIVERVIEW SURGERY,A89002,202506,All BNF Chapters,22342,93944.1662
NHS NORTH EAST AND NORTH CUMBRIA INTEGRATED CARE BOARD (QHM),00P00,SUNDERLAND EAST PCN,SOUTHLANDS MEDICAL GROUP,A89035,202506,All BNF Chapters,29456,144031.3677
NHS NORTH EAST AND NORTH CUMBRIA INTEGRATED CARE BOARD (QHM),00P00,SUNDERLAND EAST PCN,THE NEW CITY MEDICAL GROUP,A89013,202506,All BNF Chapters,16643,87331.26657
NHS NORTH EAST AND NORTH CUMBRIA INTEGRATED CARE BOARD (QHM),00P00,SUNDERLAND EAST PCN,VILLETTE SURGERY,A89005,202506,All BNF Chapters,15590,82818.13802
NHS NORTH EAST AND NORTH CUMBRIA INTEGRATED CARE BOARD (QHM),00P00,SUNDERLAND NORTH PCN,BRIDGE VIEW MEDICAL GROUP,A89019,202506,All BNF Chapters,49620,243013.8803
NHS NORTH EAST AND NORTH CUMBRIA INTEGRATED CARE BOARD (QHM),00P00,SUNDERLAND NORTH PCN,CASTLETOWN MEDICAL CENTRE,A89036,202506,All BNF Chapters,6066,26858.36995
NHS NORTH EAST AND NORTH CUMBRIA INTEGRATED CARE BOARD (QHM),00P00,SUNDERLAND NORTH PCN,"FULWELL MEDICAL CENTRE,",A89015,202506,All BNF Chapters,20979,123025.3604
NHS NORTH EAST AND NORTH CUMBRIA INTEGRATED CARE BOARD (QHM),00P00,SUNDERLAND NORTH PCN,MONKWEARMOUTH HEALTH CENTRE,A89040,202506,All BNF Chapters,12470,55297.1794
NHS NORTH EAST AND NORTH CUMBRIA INTEGRATED CARE BOARD (QHM),00P00,SUNDERLAND NORTH PCN,RED HOUSE MEDICAL CENTRE,A89008,202506,All BNF Chapters,16257,78645.34192
NHS NORTH EAST AND NORTH CUMBRIA INTEGRATED CARE BOARD (QHM),00P00,SUNDERLAND NORTH PCN,ST BEDE MEDICAL CENTRE,A89016,202506,All BNF Chapters,21113,114111.435
NHS NORTH EAST AND NORTH CUMBRIA INTEGRATED CARE BOARD (QHM),00P00,SUNDERLAND WEST 1 PCN,CHESTER SURGERY,A89623,202506,All BNF Chapters,4649,29615.53278
NHS NORTH EAST AND NORTH CUMBRIA INTEGRATED CARE BOARD (QHM),00P00,SUNDERLAND WEST 1 PCN,FORGE MEDICAL PRACTICE,A89020,202506,All BNF Chapters,15759,104112.8533
NHS NORTH EAST AND NORTH CUMBRIA INTEGRATED CARE BOARD (QHM),00P00,SUNDERLAND WEST 1 PCN,HYLTON MEDICAL GROUP,A89031,202506,All BNF Chapters,11832,70790.78669
NHS NORTH EAST AND NORTH CUMBRIA INTEGRATED CARE BOARD (QHM),00P00,SUNDERLAND WEST 1 PCN,MILLFIELD MEDICAL GROUP,A89017,202506,All BNF Chapters,28739,206970.9984
NHS NORTH EAST AND NORTH CUMBRIA INTEGRATED CARE BOARD (QHM),00P00,SUNDERLAND WEST 1 PCN,PALLION FAMILY PRACTICE,A89007,202506,All BNF Chapters,20605,139466.6888
NHS NORTH EAST AND NORTH CUMBRIA INTEGRATED CARE BOARD (QHM),00P00,SUNDERLAND WEST 1 PCN,THE BROADWAY MEDICAL PRACTICE,A89024,202506,All BNF Chapters,18622,101395.3704
NHS NORTH EAST AND NORTH CUMBRIA INTEGRATED CARE BOARD (QHM),00P00,SUNDERLAND WEST 1 PCN,WEARSIDE MEDICAL PRACTICE - PALLION,A89006,202506,All BNF Chapters,16700,94458.30452
NHS NORTH EAST AND NORTH CUMBRIA INTEGRATED CARE BOARD (QHM),00P00,WASHINGTON PCN,CONCORD MEDICAL PRACTICE,A89022,202506,All BNF Chapters,14133,76776.97569
NHS NORTH EAST AND NORTH CUMBRIA INTEGRATED CARE BOARD (QHM),00P00,WASHINGTON PCN,GALLERIES MEDICAL PRACTICE,A89012,202506,All BNF Chapters,31414,175778.4571
NHS NORTH EAST AND NORTH CUMBRIA INTEGRATED CARE BOARD (QHM),00P00,WASHINGTON PCN,I J HEALTHCARE,A89617,202506,All BNF Chapters,9885,45222.54008
NHS NORTH EAST AND NORTH CUMBRIA INTEGRATED CARE BOARD (QHM),00P00,WASHINGTON PCN,NEW WASHINGTON MEDICAL GROUP,A89026,202506,All BNF Chapters,19103,98203.26504
NHS NORTH EAST AND NORTH CUMBRIA INTEGRATED CARE BOARD (QHM),00P00,WASHINGTON PCN,RICKLETON MEDICAL CENTRE,A89616,202506,All BNF Chapters,7088,38813.56491
NHS NORTH EAST AND NORTH CUMBRIA INTEGRATED CARE BOARD (QHM),00P00,WASHINGTON PCN,SUNDERLAND GP ALLIANCE MEDICAL PRACTICE,A89025,202506,All BNF Chapters,22179,126323.1378
NHS NORTH EAST AND NORTH CUMBRIA INTEGRATED CARE BOARD (QHM),00P00,WASHINGTON PCN,THE STEPHENSON MEDICAL PRACTICE,A89010,202506,All BNF Chapters,30021,179449.3844
NHS NORTH EAST AND NORTH CUMBRIA INTEGRATED CARE BOARD (QHM),01H00,CARLISLE HEALTHCARE PCN,CARLISLE HEALTHCARE,A82016,202506,All BNF Chapters,66026,565428.58
NHS NORTH EAST AND NORTH CUMBRIA INTEGRATED CARE BOARD (QHM),01H00,CARLISLE HEALTHCARE PCN,SPENCER ST SURGERY,A82018,202506,All BNF Chapters,17240,148569.775
NHS NORTH EAST AND NORTH CUMBRIA INTEGRATED CARE BOARD (QHM),01H00,CARLISLE PCN,CARLISLE CENTRAL PRACTICE,A82015,202506,All BNF Chapters,18425,147039.4962
NHS NORTH EAST AND NORTH CUMBRIA INTEGRATED CARE BOARD (QHM),01H00,CARLISLE PCN,EDEN MEDICAL GROUP,A82020,202506,All BNF Chapters,21575,185062.7813
NHS NORTH EAST AND NORTH CUMBRIA INTEGRATED CARE BOARD (QHM),01H00,CARLISLE PCN,WARWICK SQUARE GROUP PRACTICE,A82654,202506,All BNF Chapters,13718,86752.51152
NHS NORTH EAST AND NORTH CUMBRIA INTEGRATED CARE BOARD (QHM),01H00,CARLISLE RURAL PCN,BRAMPTON MEDICAL PRACTICE,A82012,202506,All BNF Chapters,40395,225351.7818
NHS NORTH EAST AND NORTH CUMBRIA INTEGRATED CARE BOARD (QHM),01H00,CARLISLE RURAL PCN,LONGTOWN MEDICAL CENTRE,A82646,202506,All BNF Chapters,8854,50729.44228
NHS NORTH EAST AND NORTH CUMBRIA INTEGRATED CARE BOARD (QHM),01H00,COCKERMOUTH & MARYPORT PCN,CASTLEGATE AND DERWENT SURGERY,A82021,202506,All BNF Chapters,35723,241731.875
NHS NORTH EAST AND NORTH CUMBRIA INTEGRATED CARE BOARD (QHM),01H00,COCKERMOUTH & MARYPORT PCN,MARYPORT HEALTH SERVICES,A82032,202506,All BNF Chapters,33193,231157.4969
NHS NORTH EAST AND NORTH CUMBRIA INTEGRATED CARE BOARD (QHM),01H00,COPELAND HAVEN PCN,DISTINGTON SURGERY,A82023,202506,All BNF Chapters,15369,83891.3534
NHS NORTH EAST AND NORTH CUMBRIA INTEGRATED CARE BOARD (QHM),01H00,COPELAND HAVEN PCN,MANSION HOUSE SURGERY,A82075,202506,All BNF Chapters,16027,99706.81105
NHS NORTH EAST AND NORTH CUMBRIA INTEGRATED CARE BOARD (QHM),01H00,COPELAND HAVEN PCN,WESTCROFT HOUSE SURGERY,A82064,202506,All BNF Chapters,15182,96870.58506
NHS NORTH EAST AND NORTH CUMBRIA INTEGRATED CARE BOARD (QHM),01H00,COPELAND PCN,FELLVIEW HEALTHCARE,A82044,202506,All BNF Chapters,51421,360097.2395
NHS NORTH EAST AND NORTH CUMBRIA INTEGRATED CARE BOARD (QHM),01H00,COPELAND PCN,LOWTHER MEDICAL CENTRE,A82041,202506,All BNF Chapters,32560,203465.5635
NHS NORTH EAST AND NORTH CUMBRIA INTEGRATED CARE BOARD (QHM),01H00,COPELAND PCN,SEASCALE HEALTH CENTRE,A82024,202506,All BNF Chapters,12827,81090.64963
NHS NORTH EAST AND NORTH CUMBRIA INTEGRATED CARE BOARD (QHM),01H00,DUMMY,COPELAND PCN SERVICES HUB,Y07721,202506,All BNF Chapters,156,901.7798385
NHS NORTH EAST AND NORTH CUMBRIA INTEGRATED CARE BOARD (QHM),01H00,DUMMY,CUMBRIA HEALTH,Y00433,202506,All BNF Chapters,2548,13644.26325
NHS NORTH EAST AND NORTH CUMBRIA INTEGRATED CARE BOARD (QHM),01H00,DUMMY,CUMBRIA HEALTH ON CALL EXTENDED ACCESS,Y07699,202506,All BNF Chapters,52,341.2609024
NHS NORTH EAST AND NORTH CUMBRIA INTEGRATED CARE BOARD (QHM),01H00,DUMMY,CUMBRIA MEDICAL SERVICES LTD,Y04422,202506,All BNF Chapters,918,23092.1533
NHS NORTH EAST AND NORTH CUMBRIA INTEGRATED CARE BOARD (QHM),01H00,DUMMY,EDEN VALLEY HOSPICE,Y04873,202506,All BNF Chapters,56,904.4990814
NHS NORTH EAST AND NORTH CUMBRIA INTEGRATED CARE BOARD (QHM),01H00,DUMMY,UNIDENTIFIED DOCTORS,01H998,202506,All BNF Chapters,6,76.08712905
NHS NORTH EAST AND NORTH CUMBRIA INTEGRATED CARE BOARD (QHM),01H00,DUMMY,WORKINGTON HEALTH LIMITED,Y04788,202506,All BNF Chapters,2,7.325878985
NHS NORTH EAST AND NORTH CUMBRIA INTEGRATED CARE BOARD (QHM),01H00,EDEN (CUMBRIA) PCN,ALSTON MEDICAL PRACTICE,A82004,202506,All BNF Chapters,4945,25950.20998
NHS NORTH EAST AND NORTH CUMBRIA INTEGRATED CARE BOARD (QHM),01H00,EDEN (CUMBRIA) PCN,APPLEBY MEDICAL PRACTICE,A82006,202506,All BNF Chapters,8981,52137.35945
NHS NORTH EAST AND NORTH CUMBRIA INTEGRATED CARE BOARD (QHM),01H00,EDEN (CUMBRIA) PCN,BIRBECK MEDICAL GROUP,A82035,202506,All BNF Chapters,19273,165640.3867
NHS NORTH EAST AND NORTH CUMBRIA INTEGRATED CARE BOARD (QHM),01H00,EDEN (CUMBRIA) PCN,COURT THORN SURGERY,A82631,202506,All BNF Chapters,8265,49621.97599
NHS NORTH EAST AND NORTH CUMBRIA INTEGRATED CARE BOARD (QHM),01H00,EDEN (CUMBRIA) PCN,GLENRIDDING HEALTH CENTRE,A82620,202506,All BNF Chapters,1279,8323.573429
NHS NORTH EAST AND NORTH CUMBRIA INTEGRATED CARE BOARD (QHM),01H00,EDEN (CUMBRIA) PCN,KIRKOSWALD SURGERY,A82617,202506,All BNF Chapters,5163,29373.83106
NHS NORTH EAST AND NORTH CUMBRIA INTEGRATED CARE BOARD (QHM),01H00,EDEN (CUMBRIA) PCN,SHAP MEDICAL PRACTICE,A82031,202506,All BNF Chapters,6265,33543.05041
NHS NORTH EAST AND NORTH CUMBRIA INTEGRATED CARE BOARD (QHM),01H00,EDEN (CUMBRIA) PCN,TEMPLE SOWERBY MEDICAL PRACTICE,A82038,202506,All BNF Chapters,7005,43706.02291
NHS NORTH EAST AND NORTH CUMBRIA INTEGRATED CARE BOARD (QHM),01H00,EDEN (CUMBRIA) PCN,THE LAKES MEDICAL PRACTICE,A82036,202506,All BNF Chapters,15743,129964.008
NHS NORTH EAST AND NORTH CUMBRIA INTEGRATED CARE BOARD (QHM),01H00,EDEN (CUMBRIA) PCN,UPPER EDEN MEDICAL PRACTICE,A82013,202506,All BNF Chapters,13036,75181.55066
NHS NORTH EAST AND NORTH CUMBRIA INTEGRATED CARE BOARD (QHM),01H00,KESWICK & SOLWAY PCN,ASPATRIA MEDICAL GROUP,A82055,202506,All BNF Chapters,16386,106395.6837
NHS NORTH EAST AND NORTH CUMBRIA INTEGRATED CARE BOARD (QHM),01H00,KESWICK & SOLWAY PCN,CALDBECK SURGERY,A82014,202506,All BNF Chapters,8785,45774.71524
NHS NORTH EAST AND NORTH CUMBRIA INTEGRATED CARE BOARD (QHM),01H00,KESWICK & SOLWAY PCN,CASTLEHEAD MEDICAL CENTRE,A82028,202506,All BNF Chapters,13791,81546.35429
NHS NORTH EAST AND NORTH CUMBRIA INTEGRATED CARE BOARD (QHM),01H00,KESWICK & SOLWAY PCN,DALSTON MEDICAL GROUP,A82022,202506,All BNF Chapters,12190,65258.71761
NHS NORTH EAST AND NORTH CUMBRIA INTEGRATED CARE BOARD (QHM),01H00,KESWICK & SOLWAY PCN,SILLOTH GROUP MEDICAL PRACTICE,A82037,202506,All BNF Chapters,11354,66817.8135
NHS NORTH EAST AND NORTH CUMBRIA INTEGRATED CARE BOARD (QHM),01H00,KESWICK & SOLWAY PCN,THE CROFT SURGERY,A82029,202506,All BNF Chapters,7623,46117.54825
NHS NORTH EAST AND NORTH CUMBRIA INTEGRATED CARE BOARD (QHM),01H00,KESWICK & SOLWAY PCN,WIGTON GROUP MEDICAL PRACTICE,A82045,202506,All BNF Chapters,18290,117170.9043
NHS NORTH EAST AND NORTH CUMBRIA INTEGRATED CARE BOARD (QHM),01H00,WORKINGTON PCN,JAMES STREET GROUP PRACT,A82047,202506,All BNF Chapters,71359,486165.8064
NHS NORTH EAST AND NORTH CUMBRIA INTEGRATED CARE BOARD (QHM),13T00,BIRTLEY AND CENTRAL GATESHEAD PCN,BIRTLEY MEDICAL GROUP,A85008,202506,All BNF Chapters,39458,231880.3887
NHS NORTH EAST AND NORTH CUMBRIA INTEGRATED CARE BOARD (QHM),13T00,BIRTLEY AND CENTRAL GATESHEAD PCN,OXFORD TCE & RAWLING RD MEDICAL GROUP,A85005,202506,All BNF Chapters,41011,228767.1872
NHS NORTH EAST AND NORTH CUMBRIA INTEGRATED CARE BOARD (QHM),13T00,BIRTLEY AND CENTRAL GATESHEAD PCN,SECOND STREET SURGERY,A85021,202506,All BNF Chapters,5733,29838.69057
NHS NORTH EAST AND NORTH CUMBRIA INTEGRATED CARE BOARD (QHM),13T00,BIRTLEY AND CENTRAL GATESHEAD PCN,THE BRIDGES MEDICAL PRACTICE,A85614,202506,All BNF Chapters,9932,64743.01381
NHS NORTH EAST AND NORTH CUMBRIA INTEGRATED CARE BOARD (QHM),13T00,DUMMY,BIRTLEY AND CENTRAL GATESHEAD PCN HUB,Y08624,202506,All BNF Chapters,24,87.91284844
NHS NORTH EAST AND NORTH CUMBRIA INTEGRATED CARE BOARD (QHM),13T00,DUMMY,GATDOC OOH,A85621,202506,All BNF Chapters,1429,5931.245065
NHS NORTH EAST AND NORTH CUMBRIA INTEGRATED CARE BOARD (QHM),13T00,DUMMY,GATESHEAD EXTRA CARE,Y04833,202506,All BNF Chapters,607,3246.566932
NHS NORTH EAST AND NORTH CUMBRIA INTEGRATED CARE BOARD (QHM),13T00,DUMMY,GATESHEAD HEALTH COMMUNITY SERVICES,Y05507,202506,All BNF Chapters,119,461.8368171
NHS NORTH EAST AND NORTH CUMBRIA INTEGRATED CARE BOARD (QHM),13T00,DUMMY,GOSFORTH JESMOND HEALTH,Y08083,202506,All BNF Chapters,438,2018.087404
NHS NORTH EAST AND NORTH CUMBRIA INTEGRATED CARE BOARD (QHM),13T00,DUMMY,MARIE CURIE HOSPICE,Y05648,202506,All BNF Chapters,185,1475.259224
NHS NORTH EAST AND NORTH CUMBRIA INTEGRATED CARE BOARD (QHM),13T00,DUMMY,NDUC NEWCASTLE GATESHEAD OOH,Y00656,202506,All BNF Chapters,156,1152.187631
NHS NORTH EAST AND NORTH CUMBRIA INTEGRATED CARE BOARD (QHM),13T00,DUMMY,NEWCASTLE GP IN A&E SERVICE,Y04832,202506,All BNF Chapters,427,1499.337726
NHS NORTH EAST AND NORTH CUMBRIA INTEGRATED CARE BOARD (QHM),13T00,DUMMY,NEWCASTLE HOSPITALS COMMUNITY HEALTH,Y04331,202506,All BNF Chapters,1702,7777.883348
NHS NORTH EAST AND NORTH CUMBRIA INTEGRATED CARE BOARD (QHM),13T00,DUMMY,NEWCASTLE INNER WEST ENH ACCESS HUB,Y07975,202506,All BNF Chapters,27,152.174665
NHS NORTH EAST AND NORTH CUMBRIA INTEGRATED CARE BOARD (QHM),13T00,DUMMY,NEWCASTLE OUTER WEST PCN HUB,Y08283,202506,All BNF Chapters,74,598.0229645
NHS NORTH EAST AND NORTH CUMBRIA INTEGRATED CARE BOARD (QHM),13T00,DUMMY,ST OSWALDS PALLIATIVE CARE,Y00505,202506,All BNF Chapters,322,2831.51944
NHS NORTH EAST AND NORTH CUMBRIA INTEGRATED CARE BOARD (QHM),13T00,DUMMY,UNIDENTIFIED DOCTORS,13T998,202506,All BNF Chapters,48,1122.872254
NHS NORTH EAST AND NORTH CUMBRIA INTEGRATED CARE BOARD (QHM),13T00,DUMMY,WALK-IN CENTRE GP IN-HOURS,Y04106,202506,All BNF Chapters,47,162.7199273
NHS NORTH EAST AND NORTH CUMBRIA INTEGRATED CARE BOARD (QHM),13T00,GATESHEAD CENTRAL SOUTH PCN,BEACON VIEW MEDICAL CENTRE,A85026,202506,All BNF Chapters,12491,56457.79234
NHS NORTH EAST AND NORTH CUMBRIA INTEGRATED CARE BOARD (QHM),13T00,GATESHEAD CENTRAL SOUTH PCN,BENSHAM FAMILY PRACTICE,A85002,202506,All BNF Chapters,8540,44485.37581
NHS NORTH EAST AND NORTH CUMBRIA INTEGRATED CARE BOARD (QHM),13T00,GATESHEAD CENTRAL SOUTH PCN,BEWICK ROAD SURGERY,A85017,202506,All BNF Chapters,13371,88562.78236
NHS NORTH EAST AND NORTH CUMBRIA INTEGRATED CARE BOARD (QHM),13T00,GATESHEAD CENTRAL SOUTH PCN,CENTRAL GATESHEAD MEDICAL GROUP,A85019,202506,All BNF Chapters,19286,126878.0705
NHS NORTH EAST AND NORTH CUMBRIA INTEGRATED CARE BOARD (QHM),13T00,GATESHEAD CENTRAL SOUTH PCN,FELL COTTAGE SURGERY,A85007,202506,All BNF Chapters,15184,101239.6433
NHS NORTH EAST AND NORTH CUMBRIA INTEGRATED CARE BOARD (QHM),13T00,GATESHEAD CENTRAL SOUTH PCN,FELL TOWER MEDICAL CENTRE,A85001,202506,All BNF Chapters,16106,98531.70651
NHS NORTH EAST AND NORTH CUMBRIA INTEGRATED CARE BOARD (QHM),13T00,GATESHEAD CENTRAL SOUTH PCN,MILLENNIUM FAMILY PRACTICE,A85013,202506,All BNF Chapters,9374,49797.9424
NHS NORTH EAST AND NORTH CUMBRIA INTEGRATED CARE BOARD (QHM),13T00,GATESHEAD CENTRAL SOUTH PCN,WREKENTON MEDICAL GROUP,A85016,202506,All BNF Chapters,33858,171940.3018
NHS NORTH EAST AND NORTH CUMBRIA INTEGRATED CARE BOARD (QHM),13T00,GATESHEAD EAST PCN,CROWHALL MEDICAL CENTRE,A85009,202506,All BNF Chapters,15753,107553.2465
NHS NORTH EAST AND NORTH CUMBRIA INTEGRATED CARE BOARD (QHM),13T00,GATESHEAD EAST PCN,LONGRIGG MEDICAL CENTRE,A85004,202506,All BNF Chapters,23493,138000.5938
NHS NORTH EAST AND NORTH CUMBRIA INTEGRATED CARE BOARD (QHM),13T00,GATESHEAD EAST PCN,PELAW MEDICAL PRACTICE,A85611,202506,All BNF Chapters,12196,61195.37385
NHS NORTH EAST AND NORTH CUMBRIA INTEGRATED CARE BOARD (QHM),13T00,GATESHEAD EAST PCN,ST. ALBANS MEDICAL GROUP,A85011,202506,All BNF Chapters,20659,108427.1054
NHS NORTH EAST AND NORTH CUMBRIA INTEGRATED CARE BOARD (QHM),13T00,GATESHEAD INNER WEST PCN,CHAINBRIDGE MEDICAL PARTNERSHIP,A85010,202506,All BNF Chapters,24302,185403.181
NHS NORTH EAST AND NORTH CUMBRIA INTEGRATED CARE BOARD (QHM),13T00,GATESHEAD INNER WEST PCN,GLENPARK & TEAMS MEDICAL SERVICES,A85006,202506,All BNF Chapters,35301,191106.8316
NHS NORTH EAST AND NORTH CUMBRIA INTEGRATED CARE BOARD (QHM),13T00,GATESHEAD INNER WEST PCN,SUNNISIDE SURGERY,A85617,202506,All BNF Chapters,9423,69324.63999
NHS NORTH EAST AND NORTH CUMBRIA INTEGRATED CARE BOARD (QHM),13T00,GATESHEAD INNER WEST PCN,WHICKHAM COTTAGE MEDICAL CENTRE,A85020,202506,All BNF Chapters,30238,194305.7029
NHS NORTH EAST AND NORTH CUMBRIA INTEGRATED CARE BOARD (QHM),13T00,GATESHEAD OUTER WEST PCN,CHOPWELL PRIMARY HEALTHCARE CENTRE,A85024,202506,All BNF Chapters,7167,35459.19746
NHS NORTH EAST AND NORTH CUMBRIA INTEGRATED CARE BOARD (QHM),13T00,GATESHEAD OUTER WEST PCN,CRAWCROOK MEDICAL CENTRE,A85014,202506,All BNF Chapters,45715,254713.1168
NHS NORTH EAST AND NORTH CUMBRIA INTEGRATED CARE BOARD (QHM),13T00,GATESHEAD OUTER WEST PCN,HOLLYHURST MEDICAL CENTRE,A85616,202506,All BNF Chapters,12344,68231.66034
NHS NORTH EAST AND NORTH CUMBRIA INTEGRATED CARE BOARD (QHM),13T00,GATESHEAD OUTER WEST PCN,OLDWELL SURGERY,A85018,202506,All BNF Chapters,11628,70180.31074
NHS NORTH EAST AND NORTH CUMBRIA INTEGRATED CARE BOARD (QHM),13T00,JESMOND - LOWER GOSFORTH PCN,JESMOND HEALTH PARTNERSHIP,A86020,202506,All BNF Chapters,37906,247441.6897
NHS NORTH EAST AND NORTH CUMBRIA INTEGRATED CARE BOARD (QHM),13T00,JESMOND - LOWER GOSFORTH PCN,ROSEWORTH SURGERY,A86006,202506,All BNF Chapters,10687,62210.92379
NHS NORTH EAST AND NORTH CUMBRIA INTEGRATED CARE BOARD (QHM),13T00,JESMOND - LOWER GOSFORTH PCN,THE GROVE MEDICAL GROUP,A86018,202506,All BNF Chapters,20456,139331.5169
NHS NORTH EAST AND NORTH CUMBRIA INTEGRATED CARE BOARD (QHM),13T00,NEWCASTLE CENTRAL HEALTH PCN,SAVILLE MEDICAL GROUP,A86003,202506,All BNF Chapters,49809,292530.0375
NHS NORTH EAST AND NORTH CUMBRIA INTEGRATED CARE BOARD (QHM),13T00,NEWCASTLE EAST PCN,BENFIELD PARK MEDICAL GROUP,A86023,202506,All BNF Chapters,26930,158260.9398
NHS NORTH EAST AND NORTH CUMBRIA INTEGRATED CARE BOARD (QHM),13T00,NEWCASTLE EAST PCN,BIDDLESTONE HEALTH GROUP,A86010,202506,All BNF Chapters,16010,103661.6659
NHS NORTH EAST AND NORTH CUMBRIA INTEGRATED CARE BOARD (QHM),13T00,NEWCASTLE EAST PCN,HEATON ROAD SURGERY,A86024,202506,All BNF Chapters,16360,88397.63515
NHS NORTH EAST AND NORTH CUMBRIA INTEGRATED CARE BOARD (QHM),13T00,NEWCASTLE EAST PCN,NEWCASTLE MEDICAL CENTRE,A86027,202506,All BNF Chapters,4051,34797.1665
NHS NORTH EAST AND NORTH CUMBRIA INTEGRATED CARE BOARD (QHM),13T00,NEWCASTLE EAST PCN,ST.ANTHONY'S HEALTH CENTRE,A86040,202506,All BNF Chapters,19720,94660.37612
NHS NORTH EAST AND NORTH CUMBRIA INTEGRATED CARE BOARD (QHM),13T00,NEWCASTLE EAST PCN,THORNFIELD MEDICAL GROUP,A86029,202506,All BNF Chapters,44314,192076.7747
NHS NORTH EAST AND NORTH CUMBRIA INTEGRATED CARE BOARD (QHM),13T00,NEWCASTLE EAST PCN,WALKER MEDICAL GROUP,A86011,202506,All BNF Chapters,33818,160249.2438
NHS NORTH EAST AND NORTH CUMBRIA INTEGRATED CARE BOARD (QHM),13T00,NEWCASTLE INNER WEST PCN,BETTS AVENUE MEDICAL GROUP,A86030,202506,All BNF Chapters,30397,166240.6916
NHS NORTH EAST AND NORTH CUMBRIA INTEGRATED CARE BOARD (QHM),13T00,NEWCASTLE INNER WEST PCN,DILSTON MEDICAL CENTRE,Y00184,202506,All BNF Chapters,9028,62239.37125
NHS NORTH EAST AND NORTH CUMBRIA INTEGRATED CARE BOARD (QHM),13T00,NEWCASTLE INNER WEST PCN,ELSWICK FAMILY PRACTICE,A86037,202506,All BNF Chapters,17459,87349.74305
NHS NORTH EAST AND NORTH CUMBRIA INTEGRATED CARE BOARD (QHM),13T00,NEWCASTLE INNER WEST PCN,FENHAM HALL SURGERY,A86031,202506,All BNF Chapters,20250,135754.6612
NHS NORTH EAST AND NORTH CUMBRIA INTEGRATED CARE BOARD (QHM),13T00,NEWCASTLE INNER WEST PCN,PROSPECT MEDICAL CENTRE,A86004,202506,All BNF Chapters,23785,144161.6426
NHS NORTH EAST AND NORTH CUMBRIA INTEGRATED CARE BOARD (QHM),13T00,NEWCASTLE OUTER WEST PCN,DENTON PARK MEDICAL GROUP,A86013,202506,All BNF Chapters,20891,109111.1818
NHS NORTH EAST AND NORTH CUMBRIA INTEGRATED CARE BOARD (QHM),13T00,NEWCASTLE OUTER WEST PCN,DENTON TURRET MEDICAL CENTRE,A86601,202506,All BNF Chapters,24009,115997.7532
NHS NORTH EAST AND NORTH CUMBRIA INTEGRATED CARE BOARD (QHM),13T00,NEWCASTLE OUTER WEST PCN,NEWBURN SURGERY,A86038,202506,All BNF Chapters,18373,93692.72606
NHS NORTH EAST AND NORTH CUMBRIA INTEGRATED CARE BOARD (QHM),13T00,NEWCASTLE OUTER WEST PCN,PARKWAY MEDICAL GROUP,A86022,202506,All BNF Chapters,19365,102348.4308
NHS NORTH EAST AND NORTH CUMBRIA INTEGRATED CARE BOARD (QHM),13T00,NEWCASTLE OUTER WEST PCN,THROCKLEY PRIMARY CARE CENTRE,A86026,202506,All BNF Chapters,21058,106338.2443
NHS NORTH EAST AND NORTH CUMBRIA INTEGRATED CARE BOARD (QHM),13T00,NEWCASTLE OUTER WEST PCN,WESTERHOPE MEDICAL GROUP,A86025,202506,All BNF Chapters,31674,180138.408
NHS NORTH EAST AND NORTH CUMBRIA INTEGRATED CARE BOARD (QHM),13T00,NORTH GOSFORTH PCN,BRUNTON PARK,A86033,202506,All BNF Chapters,9477,58942.29434
NHS NORTH EAST AND NORTH CUMBRIA INTEGRATED CARE BOARD (QHM),13T00,NORTH GOSFORTH PCN,PARK MEDICAL GROUP,A86008,202506,All BNF Chapters,22369,139487.4641
NHS NORTH EAST AND NORTH CUMBRIA INTEGRATED CARE BOARD (QHM),13T00,NORTH GOSFORTH PCN,REGENT MEDICAL CENTRE,A86028,202506,All BNF Chapters,12530,79825.77254
NHS NORTH EAST AND NORTH CUMBRIA INTEGRATED CARE BOARD (QHM),13T00,WEST END FAMILY HEALTH PCN,CRUDDAS PARK SURGERY,A86017,202506,All BNF Chapters,31744,176850.5113
NHS NORTH EAST AND NORTH CUMBRIA INTEGRATED CARE BOARD (QHM),13T00,WEST END FAMILY HEALTH PCN,HOLMSIDE MEDICAL GROUP,A86021,202506,All BNF Chapters,28413,165539.7166
NHS NORTH EAST AND NORTH CUMBRIA INTEGRATED CARE BOARD (QHM),13T00,WEST END FAMILY HEALTH PCN,WEST ROAD MEDICAL CENTRE,A86012,202506,All BNF Chapters,19414,112568.6092
NHS NORTH EAST AND NORTH CUMBRIA INTEGRATED CARE BOARD (QHM),16C00,BILLINGHAM & NORTON PCN,DR RASOOL,A81602,202506,All BNF Chapters,5837,35895.94219
NHS NORTH EAST AND NORTH CUMBRIA INTEGRATED CARE BOARD (QHM),16C00,BILLINGHAM & NORTON PCN,KINGSWAY MEDICAL CENTRE,A81057,202506,All BNF Chapters,20204,150937.3404
NHS NORTH EAST AND NORTH CUMBRIA INTEGRATED CARE BOARD (QHM),16C00,BILLINGHAM & NORTON PCN,MARSH HOUSE MEDICAL PRACTICE,A81040,202506,All BNF Chapters,17468,129111.6171
NHS NORTH EAST AND NORTH CUMBRIA INTEGRATED CARE BOARD (QHM),16C00,BILLINGHAM & NORTON PCN,MELROSE SURGERY,A81056,202506,All BNF Chapters,4730,26801.91734
NHS NORTH EAST AND NORTH CUMBRIA INTEGRATED CARE BOARD (QHM),16C00,BILLINGHAM & NORTON PCN,NORTON MEDICAL CENTRE,A81036,202506,All BNF Chapters,37843,230152.5863
NHS NORTH EAST AND NORTH CUMBRIA INTEGRATED CARE BOARD (QHM),16C00,BILLINGHAM & NORTON PCN,QUEENSTREE PRACTICE,A81014,202506,All BNF Chapters,10105,65328.51654
NHS NORTH EAST AND NORTH CUMBRIA INTEGRATED CARE BOARD (QHM),16C00,BILLINGHAM & NORTON PCN,THE ROSEBERRY PRACTICE,A81610,202506,All BNF Chapters,15153,104509.0169
NHS NORTH EAST AND NORTH CUMBRIA INTEGRATED CARE BOARD (QHM),16C00,BYTES PCN,EAGLESCLIFFE MEDICAL PRACTICE,A81039,202506,All BNF Chapters,22616,150991.3817
NHS NORTH EAST AND NORTH CUMBRIA INTEGRATED CARE BOARD (QHM),16C00,BYTES PCN,PARK LANE SURGERY,A81066,202506,All BNF Chapters,11674,75935.88435
NHS NORTH EAST AND NORTH CUMBRIA INTEGRATED CARE BOARD (QHM),16C00,BYTES PCN,THORNABY & BARWICK MEDICAL GROUP,A81034,202506,All BNF Chapters,42716,297969.2803
NHS NORTH EAST AND NORTH CUMBRIA INTEGRATED CARE BOARD (QHM),16C00,BYTES PCN,YARM MEDICAL PRACTICE,A81027,202506,All BNF Chapters,21622,148365.067
NHS NORTH EAST AND NORTH CUMBRIA INTEGRATED CARE BOARD (QHM),16C00,CENTRAL MIDDLESBROUGH PCN,MARTONSIDE MEDICAL CENTRE,A81020,202506,All BNF Chapters,18391,134237.092
NHS NORTH EAST AND NORTH CUMBRIA INTEGRATED CARE BOARD (QHM),16C00,CENTRAL MIDDLESBROUGH PCN,PARK SURGERY,A81016,202506,All BNF Chapters,20539,132761.3079
NHS NORTH EAST AND NORTH CUMBRIA INTEGRATED CARE BOARD (QHM),16C00,CENTRAL MIDDLESBROUGH PCN,PROSPECT SURGERY,A81029,202506,All BNF Chapters,15434,79059.82298
NHS NORTH EAST AND NORTH CUMBRIA INTEGRATED CARE BOARD (QHM),16C00,CENTRAL MIDDLESBROUGH PCN,THE DISCOVERY PRACTICE,A81064,202506,All BNF Chapters,12642,83097.88331
NHS NORTH EAST AND NORTH CUMBRIA INTEGRATED CARE BOARD (QHM),16C00,CENTRAL MIDDLESBROUGH PCN,THE ENDEAVOUR PRACTICE,A81023,202506,All BNF Chapters,14824,95755.46668
NHS NORTH EAST AND NORTH CUMBRIA INTEGRATED CARE BOARD (QHM),16C00,CENTRAL MIDDLESBROUGH PCN,THE ERIMUS PRACTICE,A81037,202506,All BNF Chapters,12803,93244.33531
NHS NORTH EAST AND NORTH CUMBRIA INTEGRATED CARE BOARD (QHM),16C00,CENTRAL MIDDLESBROUGH PCN,THORNTREE SURGERY,A81621,202506,All BNF Chapters,6368,43908.77532
NHS NORTH EAST AND NORTH CUMBRIA INTEGRATED CARE BOARD (QHM),16C00,DARLINGTON PCN,BLACKETTS MEDICAL PRACTICE,A83034,202506,All BNF Chapters,19266,133168.2016
NHS NORTH EAST AND NORTH CUMBRIA INTEGRATED CARE BOARD (QHM),16C00,DARLINGTON PCN,CARMEL MEDICAL PRACTICE,A83031,202506,All BNF Chapters,24544,175265.8621
NHS NORTH EAST AND NORTH CUMBRIA INTEGRATED CARE BOARD (QHM),16C00,DARLINGTON PCN,CLIFTON COURT MEDICAL PRACTICE,A83040,202506,All BNF Chapters,25746,156310.7481
NHS NORTH EAST AND NORTH CUMBRIA INTEGRATED CARE BOARD (QHM),16C00,DARLINGTON PCN,DENMARK STREET SURGERY,A83047,202506,All BNF Chapters,34443,212634.2583
NHS NORTH EAST AND NORTH CUMBRIA INTEGRATED CARE BOARD (QHM),16C00,DARLINGTON PCN,MIDDLETON AND DINSDALE MEDICAL PRACTICE,A83070,202506,All BNF Chapters,13464,102033.5461
NHS NORTH EAST AND NORTH CUMBRIA INTEGRATED CARE BOARD (QHM),16C00,DARLINGTON PCN,MOORLANDS SURGERY,A83010,202506,All BNF Chapters,31671,221431.39
NHS NORTH EAST AND NORTH CUMBRIA INTEGRATED CARE BOARD (QHM),16C00,DARLINGTON PCN,NEASHAM ROAD SURGERY,A83013,202506,All BNF Chapters,27576,166290.5674
NHS NORTH EAST AND NORTH CUMBRIA INTEGRATED CARE BOARD (QHM),16C00,DARLINGTON PCN,ORCHARD COURT SURGERY,A83006,202506,All BNF Chapters,14314,107710.7648
NHS NORTH EAST AND NORTH CUMBRIA INTEGRATED CARE BOARD (QHM),16C00,DARLINGTON PCN,PARKGATE SURGERY,A83641,202506,All BNF Chapters,9130,56398.17035
NHS NORTH EAST AND NORTH CUMBRIA INTEGRATED CARE BOARD (QHM),16C00,DARLINGTON PCN,ROCKLIFFE COURT SURGERY,A83048,202506,All BNF Chapters,17002,83870.04607
NHS NORTH EAST AND NORTH CUMBRIA INTEGRATED CARE BOARD (QHM),16C00,DARLINGTON PCN,WHINFIELD MEDICAL PRACTICE,A83005,202506,All BNF Chapters,29203,188509.2302
NHS NORTH EAST AND NORTH CUMBRIA INTEGRATED CARE BOARD (QHM),16C00,DUMMY,ALICE HOUSE HOSPICE,Y00035,202506,All BNF Chapters,11,358.373922
NHS NORTH EAST AND NORTH CUMBRIA INTEGRATED CARE BOARD (QHM),16C00,DUMMY,CENTRALMIDDLESBROUGH PCN CENTRAL HUB,Y07522,202506,All BNF Chapters,571,2968.415589
NHS NORTH EAST AND NORTH CUMBRIA INTEGRATED CARE BOARD (QHM),16C00,DUMMY,DARLINGTON CCG FT COMMUNITY PRACTICE,Y04031,202506,All BNF Chapters,878,13146.6934
NHS NORTH EAST AND NORTH CUMBRIA INTEGRATED CARE BOARD (QHM),16C00,DUMMY,DARLINGTON PALLIATIVE CARE,Y00142,202506,All BNF Chapters,150,3731.095698
NHS NORTH EAST AND NORTH CUMBRIA INTEGRATED CARE BOARD (QHM),16C00,DUMMY,EXTENDED HOURS SERVICE-TENNANT STREET,Y05754,202506,All BNF Chapters,1270,9409.450397
NHS NORTH EAST AND NORTH CUMBRIA INTEGRATED CARE BOARD (QHM),16C00,DUMMY,EXTENDED HOURS SERVICE-WOODBRIDGE,Y05755,202506,All BNF Chapters,3,28.88117249
NHS NORTH EAST AND NORTH CUMBRIA INTEGRATED CARE BOARD (QHM),16C00,DUMMY,HOLGATE PCN ENHANCED CARE HOME SERVICE,Y07752,202506,All BNF Chapters,1140,4978.229574
NHS NORTH EAST AND NORTH CUMBRIA INTEGRATED CARE BOARD (QHM),16C00,DUMMY,MINOR SURGERY & DERMATOLOGY UNIT,Y00136,202506,All BNF Chapters,1,51.8524
NHS NORTH EAST AND NORTH CUMBRIA INTEGRATED CARE BOARD (QHM),16C00,DUMMY,PRIMARY HEALTHCARE DARLINGTON,Y05682,202506,All BNF Chapters,324,2185.979739
NHS NORTH EAST AND NORTH CUMBRIA INTEGRATED CARE BOARD (QHM),16C00,DUMMY,STAR SCHEME EXTENDED,Y05107,202506,All BNF Chapters,2009,12024.46987
NHS NORTH EAST AND NORTH CUMBRIA INTEGRATED CARE BOARD (QHM),16C00,DUMMY,URGENT CARE CENTRE DARLINGTON OOH,Y02064,202506,All BNF Chapters,1064,4460.949741
NHS NORTH EAST AND NORTH CUMBRIA INTEGRATED CARE BOARD (QHM),16C00,EAST CLEVELAND PCN,BROTTON SURGERY,A81013,202506,All BNF Chapters,20121,118522.9776
NHS NORTH EAST AND NORTH CUMBRIA INTEGRATED CARE BOARD (QHM),16C00,EAST CLEVELAND PCN,HILLSIDE PRACTICE,A81022,202506,All BNF Chapters,23677,136741.5853
NHS NORTH EAST AND NORTH CUMBRIA INTEGRATED CARE BOARD (QHM),16C00,EAST CLEVELAND PCN,SPRINGWOOD SURGERY,A81005,202506,All BNF Chapters,18090,103229.3685
NHS NORTH EAST AND NORTH CUMBRIA INTEGRATED CARE BOARD (QHM),16C00,EAST CLEVELAND PCN,THE GARTH,A81032,202506,All BNF Chapters,27662,166563.6199
NHS NORTH EAST AND NORTH CUMBRIA INTEGRATED CARE BOARD (QHM),16C00,EAST CLEVELAND PCN,WOODSIDE SURGERY,A81053,202506,All BNF Chapters,18055,91185.39844
NHS NORTH EAST AND NORTH CUMBRIA INTEGRATED CARE BOARD (QHM),16C00,ESTON PCN,CAMBRIDGE MEDICAL GROUP,A81051,202506,All BNF Chapters,13657,92396.36332
NHS NORTH EAST AND NORTH CUMBRIA INTEGRATED CARE BOARD (QHM),16C00,ESTON PCN,NORMANBY MEDICAL CENTRE,A81021,202506,All BNF Chapters,56734,340559.645
NHS NORTH EAST AND NORTH CUMBRIA INTEGRATED CARE BOARD (QHM),16C00,ESTON PCN,SOUTH GRANGE MEDICAL GROUP PRACTICE,A81042,202506,All BNF Chapters,38285,225039.3407
NHS NORTH EAST AND NORTH CUMBRIA INTEGRATED CARE BOARD (QHM),16C00,ESTON PCN,THE ESTON SURGERY,A81065,202506,All BNF Chapters,7696,44850.11912
NHS NORTH EAST AND NORTH CUMBRIA INTEGRATED CARE BOARD (QHM),16C00,GREATER MIDDLESBROUGH PCN,ACKLAM MEDICAL CENTRE,A81004,202506,All BNF Chapters,20385,143282.2901
NHS NORTH EAST AND NORTH CUMBRIA INTEGRATED CARE BOARD (QHM),16C00,GREATER MIDDLESBROUGH PCN,COULBY MEDICAL PRACTICE,A81058,202506,All BNF Chapters,20759,165305.7674
NHS NORTH EAST AND NORTH CUMBRIA INTEGRATED CARE BOARD (QHM),16C00,GREATER MIDDLESBROUGH PCN,CROSSFELL HEALTH CENTRE,A81019,202506,All BNF Chapters,20876,133166.9281
NHS NORTH EAST AND NORTH CUMBRIA INTEGRATED CARE BOARD (QHM),16C00,GREATER MIDDLESBROUGH PCN,HIRSEL MEDICAL CENTRE,A81038,202506,All BNF Chapters,8708,61772.11441
NHS NORTH EAST AND NORTH CUMBRIA INTEGRATED CARE BOARD (QHM),16C00,GREATER MIDDLESBROUGH PCN,KINGS MEDICAL CENTRE,A81049,202506,All BNF Chapters,13405,79591.54507
NHS NORTH EAST AND NORTH CUMBRIA INTEGRATED CARE BOARD (QHM),16C00,GREATER MIDDLESBROUGH PCN,NEWLANDS MEDICAL CENTRE,A81035,202506,All BNF Chapters,17503,122533.9513
NHS NORTH EAST AND NORTH CUMBRIA INTEGRATED CARE BOARD (QHM),16C00,GREATER MIDDLESBROUGH PCN,PARKWAY MEDICAL CENTRE,A81611,202506,All BNF Chapters,17976,129559.1927
NHS NORTH EAST AND NORTH CUMBRIA INTEGRATED CARE BOARD (QHM),16C00,GREATER MIDDLESBROUGH PCN,WESTBOURNE MEDICAL CENTRE,A81012,202506,All BNF Chapters,13564,87393.67877
NHS NORTH EAST AND NORTH CUMBRIA INTEGRATED CARE BOARD (QHM),16C00,HARTLEPOOL HEALTH PCN,MCKENZIE GROUP PRACTICE,A81070,202506,All BNF Chapters,9501,71526.68373
NHS NORTH EAST AND NORTH CUMBRIA INTEGRATED CARE BOARD (QHM),16C00,HARTLEPOOL HEALTH PCN,MCKENZIE HOUSE SURGERY,A81044,202506,All BNF Chapters,43846,278056.5141
NHS NORTH EAST AND NORTH CUMBRIA INTEGRATED CARE BOARD (QHM),16C00,HARTLEPOOL HEALTH PCN,THE HEADLAND MEDICAL CENTRE,A81063,202506,All BNF Chapters,13093,70395.72707
NHS NORTH EAST AND NORTH CUMBRIA INTEGRATED CARE BOARD (QHM),16C00,HARTLEPOOL PCN,GLADSTONE HOUSE SURGERY,A81622,202506,All BNF Chapters,9801,71933.60707
NHS NORTH EAST AND NORTH CUMBRIA INTEGRATED CARE BOARD (QHM),16C00,HARTLEPOOL PCN,HART MEDICAL PRACTICE,A81041,202506,All BNF Chapters,18469,133808.5236
NHS NORTH EAST AND NORTH CUMBRIA INTEGRATED CARE BOARD (QHM),16C00,HARTLEPOOL PCN,THE PATEL PRACTICE,A81612,202506,All BNF Chapters,6410,46246.72965
NHS NORTH EAST AND NORTH CUMBRIA INTEGRATED CARE BOARD (QHM),16C00,HARTLEPOOL PCN,WEST QUAY MEDICAL PRACTICE,A81060,202506,All BNF Chapters,13795,96120.71342
NHS NORTH EAST AND NORTH CUMBRIA INTEGRATED CARE BOARD (QHM),16C00,HARTLEPOOL PCN,WEST VIEW MILLENIUM SURGERY A,A81631,202506,All BNF Chapters,14834,112825.9586
NHS NORTH EAST AND NORTH CUMBRIA INTEGRATED CARE BOARD (QHM),16C00,HOLGATE PCN,BOROUGH ROAD & NUNTHORPE MEDICAL GROUP,A81030,202506,All BNF Chapters,33236,228453.361
NHS NORTH EAST AND NORTH CUMBRIA INTEGRATED CARE BOARD (QHM),16C00,HOLGATE PCN,LINTHORPE SURGERY,A81026,202506,All BNF Chapters,40772,264602.2551
NHS NORTH EAST AND NORTH CUMBRIA INTEGRATED CARE BOARD (QHM),16C00,HOLGATE PCN,VILLAGE MEDICAL CENTRE,A81009,202506,All BNF Chapters,15400,94588.98406
NHS NORTH EAST AND NORTH CUMBRIA INTEGRATED CARE BOARD (QHM),16C00,NORTH STOCKTON PCN,ALMA MEDICAL CENTRE,A81067,202506,All BNF Chapters,21756,163321.1611
NHS NORTH EAST AND NORTH CUMBRIA INTEGRATED CARE BOARD (QHM),16C00,NORTH STOCKTON PCN,QUEENS PARK MEDICAL CENTRE,A81002,202506,All BNF Chapters,41542,278164.2969
NHS NORTH EAST AND NORTH CUMBRIA INTEGRATED CARE BOARD (QHM),16C00,NORTH STOCKTON PCN,TENNANT STREET MEDICAL PRACTICE,A81006,202506,All BNF Chapters,32857,202704.9952
NHS NORTH EAST AND NORTH CUMBRIA INTEGRATED CARE BOARD (QHM),16C00,ONE LIFE HARTLEPOOL PCN,BANKHOUSE SURGERY,A81007,202506,All BNF Chapters,19144,134779.086
NHS NORTH EAST AND NORTH CUMBRIA INTEGRATED CARE BOARD (QHM),16C00,ONE LIFE HARTLEPOOL PCN,CHADWICK PRACTICE,A81011,202506,All BNF Chapters,29835,184019.1839
NHS NORTH EAST AND NORTH CUMBRIA INTEGRATED CARE BOARD (QHM),16C00,ONE LIFE HARTLEPOOL PCN,HAVELOCK GRANGE PRACTICE,A81031,202506,All BNF Chapters,29775,215050.1714
NHS NORTH EAST AND NORTH CUMBRIA INTEGRATED CARE BOARD (QHM),16C00,REDCAR COASTAL PCN,BENTLEY MEDICAL PRACTICE,A81018,202506,All BNF Chapters,28794,173727.6627
NHS NORTH EAST AND NORTH CUMBRIA INTEGRATED CARE BOARD (QHM),16C00,REDCAR COASTAL PCN,HUNTCLIFF SURGERY,A81618,202506,All BNF Chapters,24948,177293.0543
NHS NORTH EAST AND NORTH CUMBRIA INTEGRATED CARE BOARD (QHM),16C00,REDCAR COASTAL PCN,THE COATHAM ROAD SURGERY,A81045,202506,All BNF Chapters,16611,96875.3881
NHS NORTH EAST AND NORTH CUMBRIA INTEGRATED CARE BOARD (QHM),16C00,REDCAR COASTAL PCN,THE GREEN HOUSE SURGERY,A81052,202506,All BNF Chapters,24390,149931.6392
NHS NORTH EAST AND NORTH CUMBRIA INTEGRATED CARE BOARD (QHM),16C00,REDCAR COASTAL PCN,THE RAVENSCAR SURGERY,Y00286,202506,All BNF Chapters,8069,44627.77568
NHS NORTH EAST AND NORTH CUMBRIA INTEGRATED CARE BOARD (QHM),16C00,REDCAR COASTAL PCN,THE SALTSCAR SURGERY,A81054,202506,All BNF Chapters,21306,125921.593
NHS NORTH EAST AND NORTH CUMBRIA INTEGRATED CARE BOARD (QHM),16C00,REDCAR COASTAL PCN,ZETLAND MEDICAL PRACTICE,A81048,202506,All BNF Chapters,18493,101648.8203
NHS NORTH EAST AND NORTH CUMBRIA INTEGRATED CARE BOARD (QHM),16C00,STOCKTON PCN,ELM TREE SURGERY,A81608,202506,All BNF Chapters,24387,161759.7025
NHS NORTH EAST AND NORTH CUMBRIA INTEGRATED CARE BOARD (QHM),16C00,STOCKTON PCN,RIVERSIDE MEDICAL PRACTICE,A81629,202506,All BNF Chapters,16975,111304.0641
NHS NORTH EAST AND NORTH CUMBRIA INTEGRATED CARE BOARD (QHM),16C00,STOCKTON PCN,THE ARRIVAL PRACTICE ( D 01-Jun-25 ),A81634,202506,All BNF Chapters,1255,9683.060032
NHS NORTH EAST AND NORTH CUMBRIA INTEGRATED CARE BOARD (QHM),16C00,STOCKTON PCN,THE DENSHAM SURGERY,A81001,202506,All BNF Chapters,7972,56737.98499
NHS NORTH EAST AND NORTH CUMBRIA INTEGRATED CARE BOARD (QHM),16C00,STOCKTON PCN,THE DOVECOT SURGERY,A81025,202506,All BNF Chapters,8547,54443.64904
NHS NORTH EAST AND NORTH CUMBRIA INTEGRATED CARE BOARD (QHM),16C00,STOCKTON PCN,WOODBRIDGE PRACTICE,A81017,202506,All BNF Chapters,32088,209322.4859
NHS NORTH EAST AND NORTH CUMBRIA INTEGRATED CARE BOARD (QHM),16C00,STOCKTON PCN,WOODLANDS FAMILY MEDICAL CENTRE,A81046,202506,All BNF Chapters,23556,165846.0403
NHS NORTH EAST AND NORTH CUMBRIA INTEGRATED CARE BOARD (QHM),84H00,BISHOP AUCKLAND PCN,AUCKLAND MEDICAL GROUP,A83021,202506,All BNF Chapters,41740,252131.428
NHS NORTH EAST AND NORTH CUMBRIA INTEGRATED CARE BOARD (QHM),84H00,BISHOP AUCKLAND PCN,BISHOPGATE MEDICAL CENTRE,A83025,202506,All BNF Chapters,38258,210008.8747
NHS NORTH EAST AND NORTH CUMBRIA INTEGRATED CARE BOARD (QHM),84H00,BISHOP AUCKLAND PCN,STATION VIEW MEDICAL CENTRE,A83015,202506,All BNF Chapters,26108,154176.8488
NHS NORTH EAST AND NORTH CUMBRIA INTEGRATED CARE BOARD (QHM),84H00,CHESTER LE STREET PCN,BRIDGE END SURGERY,A83009,202506,All BNF Chapters,17598,95754.87486
NHS NORTH EAST AND NORTH CUMBRIA INTEGRATED CARE BOARD (QHM),84H00,CHESTER LE STREET PCN,CESTRIA HEALTH CENTRE,A83050,202506,All BNF Chapters,28235,173852.7156
NHS NORTH EAST AND NORTH CUMBRIA INTEGRATED CARE BOARD (QHM),84H00,CHESTER LE STREET PCN,GREAT LUMLEY SURGERY,A83029,202506,All BNF Chapters,15737,88201.53105
NHS NORTH EAST AND NORTH CUMBRIA INTEGRATED CARE BOARD (QHM),84H00,CHESTER LE STREET PCN,MIDDLE CHARE MEDICAL GROUP,A83028,202506,All BNF Chapters,24779,128262.0813
NHS NORTH EAST AND NORTH CUMBRIA INTEGRATED CARE BOARD (QHM),84H00,CHESTER LE STREET PCN,PELTON & FELLROSE MEDICAL GROUP,A83033,202506,All BNF Chapters,28220,147885.3884
NHS NORTH EAST AND NORTH CUMBRIA INTEGRATED CARE BOARD (QHM),84H00,CHESTER LE STREET PCN,SACRISTON MEDICAL CENTRE,A83026,202506,All BNF Chapters,25976,140443.1608
NHS NORTH EAST AND NORTH CUMBRIA INTEGRATED CARE BOARD (QHM),84H00,CHESTER LE STREET PCN,VILLAGES MEDICAL GROUP,A83637,202506,All BNF Chapters,11777,63579.10707
NHS NORTH EAST AND NORTH CUMBRIA INTEGRATED CARE BOARD (QHM),84H00,CLAYPATH & UNIVERSITY MEDICAL GROUP PCN,CLAYPATH & UNIVERSITY MEDICAL GROUP,A83011,202506,All BNF Chapters,19821,152143.3278
NHS NORTH EAST AND NORTH CUMBRIA INTEGRATED CARE BOARD (QHM),84H00,DERWENTSIDE PCN,ANNFIELD PLAIN SURGERY,A83644,202506,All BNF Chapters,9897,60247.58346
NHS NORTH EAST AND NORTH CUMBRIA INTEGRATED CARE BOARD (QHM),84H00,DERWENTSIDE PCN,BROWNEY HOUSE SURGERY,A83617,202506,All BNF Chapters,7151,36702.8395
NHS NORTH EAST AND NORTH CUMBRIA INTEGRATED CARE BOARD (QHM),84H00,DERWENTSIDE PCN,CEDARS MEDICAL GROUP,A83038,202506,All BNF Chapters,13004,72696.83962
NHS NORTH EAST AND NORTH CUMBRIA INTEGRATED CARE BOARD (QHM),84H00,DERWENTSIDE PCN,CONSETT MEDICAL CENTRE,A83018,202506,All BNF Chapters,49753,240609.436
NHS NORTH EAST AND NORTH CUMBRIA INTEGRATED CARE BOARD (QHM),84H00,DERWENTSIDE PCN,DRS LAMBERT & NG,A83073,202506,All BNF Chapters,17083,96013.30849
NHS NORTH EAST AND NORTH CUMBRIA INTEGRATED CARE BOARD (QHM),84H00,DERWENTSIDE PCN,LANCHESTER MEDICAL CENTRE,A83072,202506,All BNF Chapters,8378,50317.34456
NHS NORTH EAST AND NORTH CUMBRIA INTEGRATED CARE BOARD (QHM),84H00,DERWENTSIDE PCN,LEADGATE SURGERY,A83636,202506,All BNF Chapters,16690,79419.77849
NHS NORTH EAST AND NORTH CUMBRIA INTEGRATED CARE BOARD (QHM),84H00,DERWENTSIDE PCN,OAKFIELDS HEALTH GROUP,A83618,202506,All BNF Chapters,21354,109240.4577
NHS NORTH EAST AND NORTH CUMBRIA INTEGRATED CARE BOARD (QHM),84H00,DERWENTSIDE PCN,QUEENS ROAD SURGERY,A83049,202506,All BNF Chapters,35175,208651.1492
NHS NORTH EAST AND NORTH CUMBRIA INTEGRATED CARE BOARD (QHM),84H00,DERWENTSIDE PCN,STANLEY MEDICAL GROUP,A83023,202506,All BNF Chapters,36958,204665.2834
NHS NORTH EAST AND NORTH CUMBRIA INTEGRATED CARE BOARD (QHM),84H00,DERWENTSIDE PCN,TANFIELD VIEW MEDICAL GROUP,A83016,202506,All BNF Chapters,34118,176835.6629
NHS NORTH EAST AND NORTH CUMBRIA INTEGRATED CARE BOARD (QHM),84H00,DERWENTSIDE PCN,THE HAVEN SURGERY,A83622,202506,All BNF Chapters,5169,27779.25872
NHS NORTH EAST AND NORTH CUMBRIA INTEGRATED CARE BOARD (QHM),84H00,DUMMY,BISHOP AUCKLAND PRIMARY CARE SERVICES,Y05736,202506,All BNF Chapters,1250,4274.257419
NHS NORTH EAST AND NORTH CUMBRIA INTEGRATED CARE BOARD (QHM),84H00,DUMMY,CENTRAL DURHAM GP ENH'D ACCESS SERVICE,Y05843,202506,All BNF Chapters,410,2210.594213
NHS NORTH EAST AND NORTH CUMBRIA INTEGRATED CARE BOARD (QHM),84H00,DUMMY,CHESTER-LE-ST GP EXTENDED ACCESS SERVICE,Y05848,202506,All BNF Chapters,3,7.006343882
NHS NORTH EAST AND NORTH CUMBRIA INTEGRATED CARE BOARD (QHM),84H00,DUMMY,DC & EC GP ENHANCED ACCESS SERVICE,Y07705,202506,All BNF Chapters,434,1930.77516
NHS NORTH EAST AND NORTH CUMBRIA INTEGRATED CARE BOARD (QHM),84H00,DUMMY,DDES CCG FT COMMUNITY PRACTICE,Y04032,202506,All BNF Chapters,2056,35335.53928
NHS NORTH EAST AND NORTH CUMBRIA INTEGRATED CARE BOARD (QHM),84H00,DUMMY,DERMATOLOGY SERVICE,Y06168,202506,All BNF Chapters,58,1001.178417
NHS NORTH EAST AND NORTH CUMBRIA INTEGRATED CARE BOARD (QHM),84H00,DUMMY,DERWENTSIDE GP EXTENDED ACCESS SERVICE,Y05845,202506,All BNF Chapters,290,1518.157729
NHS NORTH EAST AND NORTH CUMBRIA INTEGRATED CARE BOARD (QHM),84H00,DUMMY,DURHAM DALES EAST DERMATOLOGY,Y02203,202506,All BNF Chapters,93,2257.544432
NHS NORTH EAST AND NORTH CUMBRIA INTEGRATED CARE BOARD (QHM),84H00,DUMMY,DURHAM DALES VAWAS,Y05118,202506,All BNF Chapters,373,1479.079548
NHS NORTH EAST AND NORTH CUMBRIA INTEGRATED CARE BOARD (QHM),84H00,DUMMY,DURHAM DALES WEST DERMATOLOGY,Y00866,202506,All BNF Chapters,2,12.26612559
NHS NORTH EAST AND NORTH CUMBRIA INTEGRATED CARE BOARD (QHM),84H00,DUMMY,EAR NOSE AND THROAT CLINIC,Y02083,202506,All BNF Chapters,4,26.24865837
NHS NORTH EAST AND NORTH CUMBRIA INTEGRATED CARE BOARD (QHM),84H00,DUMMY,NE GP ENHANCED ACCESS SERVICE,Y07700,202506,All BNF Chapters,202,1394.008581
NHS NORTH EAST AND NORTH CUMBRIA INTEGRATED CARE BOARD (QHM),84H00,DUMMY,NORTH DURHAM CCG FT COMMUNITY PRACTICE,Y04033,202506,All BNF Chapters,8,61.14090493
NHS NORTH EAST AND NORTH CUMBRIA INTEGRATED CARE BOARD (QHM),84H00,DUMMY,OUT OF HOURS CENTRE,Y00605,202506,All BNF Chapters,84,1218.717977
NHS NORTH EAST AND NORTH CUMBRIA INTEGRATED CARE BOARD (QHM),84H00,DUMMY,PETERLEE PRIMARY CARE SERVICES,Y05738,202506,All BNF Chapters,439,1833.099368
NHS NORTH EAST AND NORTH CUMBRIA INTEGRATED CARE BOARD (QHM),84H00,DUMMY,RICHARDSON COMMUNITY HOSPITAL,Y02115,202506,All BNF Chapters,16,126.5405378
NHS NORTH EAST AND NORTH CUMBRIA INTEGRATED CARE BOARD (QHM),84H00,DUMMY,S1 GP ENHANCED ACCESS SERVICE,Y07698,202506,All BNF Chapters,117,533.4055045
NHS NORTH EAST AND NORTH CUMBRIA INTEGRATED CARE BOARD (QHM),84H00,DUMMY,SEDGEFIELD COMMUNITY HOSPITAL,Y06462,202506,All BNF Chapters,3,52.56024255
NHS NORTH EAST AND NORTH CUMBRIA INTEGRATED CARE BOARD (QHM),84H00,DUMMY,SEDGEFIELD PRIMARY CARE SERVICES,Y05735,202506,All BNF Chapters,462,1930.985524
NHS NORTH EAST AND NORTH CUMBRIA INTEGRATED CARE BOARD (QHM),84H00,DUMMY,SN GP ENHANCED ACCESS SERVICE,Y07935,202506,All BNF Chapters,315,1908.044718
NHS NORTH EAST AND NORTH CUMBRIA INTEGRATED CARE BOARD (QHM),84H00,DUMMY,SOUTH DURHAM HEALTH,Y05119,202506,All BNF Chapters,710,3998.719948
NHS NORTH EAST AND NORTH CUMBRIA INTEGRATED CARE BOARD (QHM),84H00,DUMMY,ST CUTHBERTS HOSPICE,Y03385,202506,All BNF Chapters,182,2208.141051
NHS NORTH EAST AND NORTH CUMBRIA INTEGRATED CARE BOARD (QHM),84H00,DUMMY,UNIDENTIFIED DOCTORS,84H998,202506,All BNF Chapters,313,1717.805316
NHS NORTH EAST AND NORTH CUMBRIA INTEGRATED CARE BOARD (QHM),84H00,DUMMY,UNIV HOSP NORTH DURHAM OOH,Y00650,202506,All BNF Chapters,47,598.6192398
NHS NORTH EAST AND NORTH CUMBRIA INTEGRATED CARE BOARD (QHM),84H00,DUMMY,URGENT CARE CENTRE BISHOP AUCKLAND,Y00824,202506,All BNF Chapters,1969,8021.920542
NHS NORTH EAST AND NORTH CUMBRIA INTEGRATED CARE BOARD (QHM),84H00,DUMMY,URGENT CARE CENTRES PETERLEE AND SEAHAM,Y00688,202506,All BNF Chapters,34,72.76381959
NHS NORTH EAST AND NORTH CUMBRIA INTEGRATED CARE BOARD (QHM),84H00,DUMMY,WEARDALE COMMUNITY HOSPITAL,Y02352,202506,All BNF Chapters,20,282.4235626
NHS NORTH EAST AND NORTH CUMBRIA INTEGRATED CARE BOARD (QHM),84H00,DUMMY,WILLOWBURN HOSPICE,Y01636,202506,All BNF Chapters,21,429.894365
NHS NORTH EAST AND NORTH CUMBRIA INTEGRATED CARE BOARD (QHM),84H00,DURHAM COAST PCN,BEVAN MEDICAL GROUP,A83616,202506,All BNF Chapters,25911,129405.854
NHS NORTH EAST AND NORTH CUMBRIA INTEGRATED CARE BOARD (QHM),84H00,DURHAM COAST PCN,EAST DURHAM MEDICAL GROUP,A83057,202506,All BNF Chapters,53934,305552.5229
NHS NORTH EAST AND NORTH CUMBRIA INTEGRATED CARE BOARD (QHM),84H00,DURHAM COAST PCN,SOUTHDENE MEDICAL CENTRE,A83619,202506,All BNF Chapters,9736,46859.33037
NHS NORTH EAST AND NORTH CUMBRIA INTEGRATED CARE BOARD (QHM),84H00,DURHAM COAST PCN,WINGATE MEDICAL PRACTICE INTRAHEALTH,A83610,202506,All BNF Chapters,10088,54218.95248
NHS NORTH EAST AND NORTH CUMBRIA INTEGRATED CARE BOARD (QHM),84H00,DURHAM EAST PCN,BELMONT & SHERBURN MEDICAL GROUP,A83014,202506,All BNF Chapters,14023,85533.42243
NHS NORTH EAST AND NORTH CUMBRIA INTEGRATED CARE BOARD (QHM),84H00,DURHAM EAST PCN,BOWBURN MEDICAL CENTRE,A83635,202506,All BNF Chapters,8003,52093.99368
NHS NORTH EAST AND NORTH CUMBRIA INTEGRATED CARE BOARD (QHM),84H00,DURHAM EAST PCN,CHEVELEY PARK MEDICAL CTR,A83055,202506,All BNF Chapters,10647,72276.52747
NHS NORTH EAST AND NORTH CUMBRIA INTEGRATED CARE BOARD (QHM),84H00,DURHAM EAST PCN,COXHOE MEDICAL PRACTICE,A83027,202506,All BNF Chapters,16557,96919.61516
NHS NORTH EAST AND NORTH CUMBRIA INTEGRATED CARE BOARD (QHM),84H00,DURHAM EAST PCN,WEST RAINTON SURGERY,A83024,202506,All BNF Chapters,16038,92710.1712
NHS NORTH EAST AND NORTH CUMBRIA INTEGRATED CARE BOARD (QHM),84H00,DURHAM WEST PCN,CHASTLETON MEDICAL GROUP,A83036,202506,All BNF Chapters,17891,129828.9238
NHS NORTH EAST AND NORTH CUMBRIA INTEGRATED CARE BOARD (QHM),84H00,DURHAM WEST PCN,DUNELM MEDICAL PRACTICE,A83030,202506,All BNF Chapters,29129,182232.9983
NHS NORTH EAST AND NORTH CUMBRIA INTEGRATED CARE BOARD (QHM),84H00,DURHAM WEST PCN,THE MEDICAL GROUP,A83022,202506,All BNF Chapters,63105,387322.9493
NHS NORTH EAST AND NORTH CUMBRIA INTEGRATED CARE BOARD (QHM),84H00,EASINGTON CENTRAL PCN,BLACKHALL AND PETERLEE PRACTICE,A83007,202506,All BNF Chapters,29041,160320.3469
NHS NORTH EAST AND NORTH CUMBRIA INTEGRATED CARE BOARD (QHM),84H00,EASINGTON CENTRAL PCN,THE HORDEN GROUP PRACTICE,A83044,202506,All BNF Chapters,21494,121393.0682
NHS NORTH EAST AND NORTH CUMBRIA INTEGRATED CARE BOARD (QHM),84H00,EASINGTON CENTRAL PCN,WILLIAM BROWN CENTRE,A83012,202506,All BNF Chapters,42560,217184.3514
NHS NORTH EAST AND NORTH CUMBRIA INTEGRATED CARE BOARD (QHM),84H00,NORTH EASINGTON PCN,BYRON MEDICAL PRACTICE,A83075,202506,All BNF Chapters,28735,132534.404
NHS NORTH EAST AND NORTH CUMBRIA INTEGRATED CARE BOARD (QHM),84H00,NORTH EASINGTON PCN,MARLBOROUGH SURGERY,A83051,202506,All BNF Chapters,34248,169475.4225
NHS NORTH EAST AND NORTH CUMBRIA INTEGRATED CARE BOARD (QHM),84H00,NORTH EASINGTON PCN,MURTON MEDICAL CENTRE,A83041,202506,All BNF Chapters,27043,130932.4764
NHS NORTH EAST AND NORTH CUMBRIA INTEGRATED CARE BOARD (QHM),84H00,NORTH EASINGTON PCN,SILVERDALE FAMILY PRACTICE,A83627,202506,All BNF Chapters,15357,81672.25571
NHS NORTH EAST AND NORTH CUMBRIA INTEGRATED CARE BOARD (QHM),84H00,NORTH EASINGTON PCN,THE NEW SEAHAM MEDICAL GROUP,A83071,202506,All BNF Chapters,12480,69288.7062
NHS NORTH EAST AND NORTH CUMBRIA INTEGRATED CARE BOARD (QHM),84H00,SEDGEFIELD 1 PCN,BEWICK CRESCENT SURGERY,A83037,202506,All BNF Chapters,35838,215436.119
NHS NORTH EAST AND NORTH CUMBRIA INTEGRATED CARE BOARD (QHM),84H00,SEDGEFIELD 1 PCN,HALLGARTH SURGERY,A83008,202506,All BNF Chapters,16120,81869.44611
NHS NORTH EAST AND NORTH CUMBRIA INTEGRATED CARE BOARD (QHM),84H00,SEDGEFIELD 1 PCN,JUBILEE MEDICAL GROUP,A83066,202506,All BNF Chapters,30083,161150.3173
NHS NORTH EAST AND NORTH CUMBRIA INTEGRATED CARE BOARD (QHM),84H00,SEDGEFIELD 1 PCN,PEASE WAY MEDICAL CENTRE,A83074,202506,All BNF Chapters,24856,162168.7978
NHS NORTH EAST AND NORTH CUMBRIA INTEGRATED CARE BOARD (QHM),84H00,SEDGEFIELD NORTH PCN,BISHOPS CLOSE MEDICAL PRACTICE,A83052,202506,All BNF Chapters,25825,133881.4908
NHS NORTH EAST AND NORTH CUMBRIA INTEGRATED CARE BOARD (QHM),84H00,SEDGEFIELD NORTH PCN,FERRYHILL AND CHILTON MEDICAL PRACTICE,A83045,202506,All BNF Chapters,42904,231543.9607
NHS NORTH EAST AND NORTH CUMBRIA INTEGRATED CARE BOARD (QHM),84H00,SEDGEFIELD NORTH PCN,SKERNE MEDICAL GROUP,A83054,202506,All BNF Chapters,36919,198456.6696
NHS NORTH EAST AND NORTH CUMBRIA INTEGRATED CARE BOARD (QHM),84H00,SEDGEFIELD NORTH PCN,ST ANDREW'S MEDICAL PRACTICE,A83001,202506,All BNF Chapters,40508,220674.2716
NHS NORTH EAST AND NORTH CUMBRIA INTEGRATED CARE BOARD (QHM),84H00,SEDGEFIELD NORTH PCN,WEST CORNFORTH MEDICAL CENTRE,A83634,202506,All BNF Chapters,10103,46575.64822
NHS NORTH EAST AND NORTH CUMBRIA INTEGRATED CARE BOARD (QHM),84H00,TEESDALE PCN,BARNARD CASTLE SURGERY,A83046,202506,All BNF Chapters,25019,139683.1366
NHS NORTH EAST AND NORTH CUMBRIA INTEGRATED CARE BOARD (QHM),84H00,TEESDALE PCN,EVENWOOD MEDICAL PRACTICE,A83626,202506,All BNF Chapters,6149,35819.40261
NHS NORTH EAST AND NORTH CUMBRIA INTEGRATED CARE BOARD (QHM),84H00,TEESDALE PCN,GAINFORD SURGERY,A83061,202506,All BNF Chapters,7841,43971.10563
NHS NORTH EAST AND NORTH CUMBRIA INTEGRATED CARE BOARD (QHM),84H00,TEESDALE PCN,OLD FORGE SURGERY,A83043,202506,All BNF Chapters,8014,39764.1986
NHS NORTH EAST AND NORTH CUMBRIA INTEGRATED CARE BOARD (QHM),84H00,TEESDALE PCN,PINFOLD MEDICAL PRACTICE,A83060,202506,All BNF Chapters,8407,47872.43974
NHS NORTH EAST AND NORTH CUMBRIA INTEGRATED CARE BOARD (QHM),84H00,TEESDALE PCN,WOODVIEW MEDICAL PRACTICE,A83032,202506,All BNF Chapters,6456,34348.47892
NHS NORTH EAST AND NORTH CUMBRIA INTEGRATED CARE BOARD (QHM),84H00,WEAR VALLEY PCN,NORTH HOUSE SURGERY,A83020,202506,All BNF Chapters,34686,226496.7698
NHS NORTH EAST AND NORTH CUMBRIA INTEGRATED CARE BOARD (QHM),84H00,WEAR VALLEY PCN,THE WEARDALE PRACTICE,A83035,202506,All BNF Chapters,17427,97634.8733
NHS NORTH EAST AND NORTH CUMBRIA INTEGRATED CARE BOARD (QHM),84H00,WEAR VALLEY PCN,WILLINGTON MEDICAL GROUP,A83003,202506,All BNF Chapters,24925,162049.7708
NHS NORTH EAST AND NORTH CUMBRIA INTEGRATED CARE BOARD (QHM),99C00,CRAMLINGTON SEATON VALLEY PCN,WOODLANDS PARK HEALTH CTR,A87017,202506,All BNF Chapters,16967,79521.01492
NHS NORTH EAST AND NORTH CUMBRIA INTEGRATED CARE BOARD (QHM),99C00,DUMMY,EXTENDED ACCESS HUB,Y05311,202506,All BNF Chapters,1753,9628.556132
NHS NORTH EAST AND NORTH CUMBRIA INTEGRATED CARE BOARD (QHM),99C00,DUMMY,INTERMEDIATE CARE,Y05892,202506,All BNF Chapters,361,1639.525552
NHS NORTH EAST AND NORTH CUMBRIA INTEGRATED CARE BOARD (QHM),99C00,DUMMY,NDUC NORTH TYNESIDE OOH,Y04838,202506,All BNF Chapters,38,284.5968915
NHS NORTH EAST AND NORTH CUMBRIA INTEGRATED CARE BOARD (QHM),99C00,DUMMY,NORTH TYNESIDE COMMUNITY SERVICE,Y04187,202506,All BNF Chapters,402,3339.558762
NHS NORTH EAST AND NORTH CUMBRIA INTEGRATED CARE BOARD (QHM),99C00,DUMMY,NORTH TYNESIDE HEALTH VISITORS,Y05831,202506,All BNF Chapters,1,1.156226406
NHS NORTH EAST AND NORTH CUMBRIA INTEGRATED CARE BOARD (QHM),99C00,DUMMY,WALLSEND PRIMARY CARE NETWORK OOH,Y06830,202506,All BNF Chapters,337,1439.292524
NHS NORTH EAST AND NORTH CUMBRIA INTEGRATED CARE BOARD (QHM),99C00,NORTH SHIELDS PCN,COLLINGWOOD HEALTH GROUP,A87004,202506,All BNF Chapters,50373,346168.2919
NHS NORTH EAST AND NORTH CUMBRIA INTEGRATED CARE BOARD (QHM),99C00,NORTH SHIELDS PCN,NELSON MEDICAL GROUP ( D 01-Apr-25 ),A87019,202506,All BNF Chapters,29,55.76812012
NHS NORTH EAST AND NORTH CUMBRIA INTEGRATED CARE BOARD (QHM),99C00,NORTH SHIELDS PCN,PRIORY MEDICAL GROUP,A87009,202506,All BNF Chapters,32662,181195.1449
NHS NORTH EAST AND NORTH CUMBRIA INTEGRATED CARE BOARD (QHM),99C00,NORTH SHIELDS PCN,REDBURN PARK MEDICAL CENTRE,A87030,202506,All BNF Chapters,11620,71875.49875
NHS NORTH EAST AND NORTH CUMBRIA INTEGRATED CARE BOARD (QHM),99C00,NORTH SHIELDS PCN,SPRING TERRACE HEALTH CENTRE,A87002,202506,All BNF Chapters,50396,294072.9047
NHS NORTH EAST AND NORTH CUMBRIA INTEGRATED CARE BOARD (QHM),99C00,NORTH TYNESIDE NORTH WEST PCN,LANE END SURGERY,A86016,202506,All BNF Chapters,15109,82440.36702
NHS NORTH EAST AND NORTH CUMBRIA INTEGRATED CARE BOARD (QHM),99C00,NORTH TYNESIDE NORTH WEST PCN,MALLARD MEDICAL PRACTICE,A87615,202506,All BNF Chapters,10493,68422.67675
NHS NORTH EAST AND NORTH CUMBRIA INTEGRATED CARE BOARD (QHM),99C00,NORTH TYNESIDE NORTH WEST PCN,NORTHUMBERLAND PARK MEDICAL GROUP,A87022,202506,All BNF Chapters,17112,104099.7023
NHS NORTH EAST AND NORTH CUMBRIA INTEGRATED CARE BOARD (QHM),99C00,NORTH TYNESIDE NORTH WEST PCN,STEPHENSON PARK HEALTH GROUP,A87007,202506,All BNF Chapters,39879,227514.8243
NHS NORTH EAST AND NORTH CUMBRIA INTEGRATED CARE BOARD (QHM),99C00,NORTH TYNESIDE NORTH WEST PCN,SWARLAND AVENUE SURGERY,A86041,202506,All BNF Chapters,12672,63271.05021
NHS NORTH EAST AND NORTH CUMBRIA INTEGRATED CARE BOARD (QHM),99C00,NORTH TYNESIDE NORTH WEST PCN,WELLSPRING MEDICAL PRACT.,A87612,202506,All BNF Chapters,18524,96666.82244
NHS NORTH EAST AND NORTH CUMBRIA INTEGRATED CARE BOARD (QHM),99C00,NORTH TYNESIDE NORTH WEST PCN,WEST FARM SURGERY,A86005,202506,All BNF Chapters,14308,85950.18025
NHS NORTH EAST AND NORTH CUMBRIA INTEGRATED CARE BOARD (QHM),99C00,NORTH TYNESIDE NORTH WEST PCN,WIDEOPEN MEDICAL CENTRE,A87012,202506,All BNF Chapters,19913,105298.1346
NHS NORTH EAST AND NORTH CUMBRIA INTEGRATED CARE BOARD (QHM),99C00,WALLSEND PCN,BEWICKE MEDICAL CENTRE,A87013,202506,All BNF Chapters,23374,138185.2561
NHS NORTH EAST AND NORTH CUMBRIA INTEGRATED CARE BOARD (QHM),99C00,WALLSEND PCN,HADRIAN HEALTH CENTRE,A87029,202506,All BNF Chapters,50808,273376.4907
NHS NORTH EAST AND NORTH CUMBRIA INTEGRATED CARE BOARD (QHM),99C00,WALLSEND PCN,THE VILLAGE GREEN SURGERY,A87016,202506,All BNF Chapters,28372,162304.7426
NHS NORTH EAST AND NORTH CUMBRIA INTEGRATED CARE BOARD (QHM),99C00,WHITLEY BAY PCN,49 MARINE AVENUE SURGERY ( D 01-Apr-25 ),A87006,202506,All BNF Chapters,12,54.94487733
NHS NORTH EAST AND NORTH CUMBRIA INTEGRATED CARE BOARD (QHM),99C00,WHITLEY BAY PCN,BEAUMONT PARK SURGERY,A87011,202506,All BNF Chapters,11515,81765.9832
NHS NORTH EAST AND NORTH CUMBRIA INTEGRATED CARE BOARD (QHM),99C00,WHITLEY BAY PCN,BRIDGE AND MONKSEATON MEDICAL PRACTICE,A87020,202506,All BNF Chapters,26345,165419.9744
NHS NORTH EAST AND NORTH CUMBRIA INTEGRATED CARE BOARD (QHM),99C00,WHITLEY BAY PCN,MARINE AVENUE MEDICAL CTR,A87008,202506,All BNF Chapters,13584,91900.73152
NHS NORTH EAST AND NORTH CUMBRIA INTEGRATED CARE BOARD (QHM),99C00,WHITLEY BAY PCN,PARK PARADE PRACTICE ( D 01-Apr-25 ),A87600,202506,All BNF Chapters,6,2.962022462
NHS NORTH EAST AND NORTH CUMBRIA INTEGRATED CARE BOARD (QHM),99C00,WHITLEY BAY PCN,WHITLEY BAY HEALTH CENTRE,A87005,202506,All BNF Chapters,22603,153466.1781
